COUNTRY,DATATYPE,PRODUCT,FLOW,TIME,VALUE
AUSTRALI,BALANCE,NATGASCM,GDINCTRO,2020,57291.0
AUSTRALI,BALANCE,NATGASCM,GDINCTRO,2021,55420.0
AUSTRALI,BALANCE,NATGASCM,GDINCTRO,3Q2022,11084.0
AUSTRALI,BALANCE,NATGASCM,GDINCTRO,SEP2021,4933.0
AUSTRALI,BALANCE,NATGASCM,GDINCTRO,YTD2021,41953.0
AUSTRALI,BALANCE,NATGASCM,GDINCTRO,YTD2022,38805.0
AUSTRALI,BALANCE,NATGASCM,INDPROD,2020,153014.0
AUSTRALI,BALANCE,NATGASCM,INDPROD,2021,156154.0
AUSTRALI,BALANCE,NATGASCM,INDPROD,3Q2022,27488.0
AUSTRALI,BALANCE,NATGASCM,INDPROD,SEP2021,13599.0
AUSTRALI,BALANCE,NATGASCM,INDPROD,YTD2021,115993.0
AUSTRALI,BALANCE,NATGASCM,INDPROD,YTD2022,107281.0
AUSTRALI,BALANCE,NATGASCM,TOTENTSB,2020,6711.0
AUSTRALI,BALANCE,NATGASCM,TOTENTSB,2021,6069.0
AUSTRALI,BALANCE,NATGASCM,TOTENTSB,3Q2022,286.0
AUSTRALI,BALANCE,NATGASCM,TOTENTSB,SEP2021,543.0
AUSTRALI,BALANCE,NATGASCM,TOTENTSB,YTD2021,4707.0
AUSTRALI,BALANCE,NATGASCM,TOTENTSB,YTD2022,2234.0
AUSTRALI,BALANCE,NATGASCM,TOTEXTSB,2020,102434.0
AUSTRALI,BALANCE,NATGASCM,TOTEXTSB,2021,106803.0
AUSTRALI,BALANCE,NATGASCM,TOTEXTSB,3Q2022,16690.0
AUSTRALI,BALANCE,NATGASCM,TOTEXTSB,SEP2021,9209.0
AUSTRALI,BALANCE,NATGASCM,TOTEXTSB,YTD2021,78747.0
AUSTRALI,BALANCE,NATGASCM,TOTEXTSB,YTD2022,70710.0
AUSTRIA,BALANCE,NATGASCM,GDINCTRO,2020,8823.864
AUSTRIA,BALANCE,NATGASCM,GDINCTRO,2021,9343.52
AUSTRIA,BALANCE,NATGASCM,GDINCTRO,3Q2022,1138.676
AUSTRIA,BALANCE,NATGASCM,GDINCTRO,SEP2021,463.227
AUSTRIA,BALANCE,NATGASCM,GDINCTRO,SEP2022,470.221
AUSTRIA,BALANCE,NATGASCM,GDINCTRO,YTD2021,6327.436
AUSTRIA,BALANCE,NATGASCM,GDINCTRO,YTD2022,5822.931
AUSTRIA,BALANCE,NATGASCM,INDPROD,2020,786.796
AUSTRIA,BALANCE,NATGASCM,INDPROD,2021,708.413
AUSTRIA,BALANCE,NATGASCM,INDPROD,3Q2022,161.135
AUSTRIA,BALANCE,NATGASCM,INDPROD,SEP2021,55.892
AUSTRIA,BALANCE,NATGASCM,INDPROD,SEP2022,53.551
AUSTRIA,BALANCE,NATGASCM,INDPROD,YTD2021,513.665
AUSTRIA,BALANCE,NATGASCM,INDPROD,YTD2022,503.483
AUSTRIA,BALANCE,NATGASCM,STCHANAT,2020,-1586.326
AUSTRIA,BALANCE,NATGASCM,STCHANAT,2021,-3891.27
AUSTRIA,BALANCE,NATGASCM,STCHANAT,3Q2022,3085.691
AUSTRIA,BALANCE,NATGASCM,STCHANAT,SEP2021,608.998
AUSTRIA,BALANCE,NATGASCM,STCHANAT,SEP2022,1148.859
AUSTRIA,BALANCE,NATGASCM,STCHANAT,YTD2021,-2182.243
AUSTRIA,BALANCE,NATGASCM,STCHANAT,YTD2022,4070.016
AUSTRIA,BALANCE,NATGASCM,TOTENTSB,2020,45079.507
AUSTRIA,BALANCE,NATGASCM,TOTENTSB,2021,41461.888
AUSTRIA,BALANCE,NATGASCM,TOTENTSB,3Q2022,7991.566
AUSTRIA,BALANCE,NATGASCM,TOTENTSB,SEP2021,3573.79
AUSTRIA,BALANCE,NATGASCM,TOTENTSB,SEP2022,2506.69
AUSTRIA,BALANCE,NATGASCM,TOTENTSB,YTD2021,31406.843
AUSTRIA,BALANCE,NATGASCM,TOTENTSB,YTD2022,25906.39
AUSTRIA,BALANCE,NATGASCM,TOTEXTSB,2020,38618.075
AUSTRIA,BALANCE,NATGASCM,TOTEXTSB,2021,36707.595
AUSTRIA,BALANCE,NATGASCM,TOTEXTSB,3Q2022,3929.339
AUSTRIA,BALANCE,NATGASCM,TOTEXTSB,SEP2021,2556.456
AUSTRIA,BALANCE,NATGASCM,TOTEXTSB,SEP2022,939.95
AUSTRIA,BALANCE,NATGASCM,TOTEXTSB,YTD2021,27774.542
AUSTRIA,BALANCE,NATGASCM,TOTEXTSB,YTD2022,16529.352
BELGIUM,BALANCE,NATGASCM,GDINCTRO,2020,18276.0
BELGIUM,BALANCE,NATGASCM,GDINCTRO,2021,18343.4
BELGIUM,BALANCE,NATGASCM,GDINCTRO,3Q2022,2817.6
BELGIUM,BALANCE,NATGASCM,GDINCTRO,SEP2021,924.8
BELGIUM,BALANCE,NATGASCM,GDINCTRO,SEP2022,979.8
BELGIUM,BALANCE,NATGASCM,GDINCTRO,YTD2021,13160.4
BELGIUM,BALANCE,NATGASCM,GDINCTRO,YTD2022,11395.1
BELGIUM,BALANCE,NATGASCM,INDPROD,2020,6.9
BELGIUM,BALANCE,NATGASCM,INDPROD,2021,13.2
BELGIUM,BALANCE,NATGASCM,INDPROD,3Q2022,7.2
BELGIUM,BALANCE,NATGASCM,INDPROD,SEP2021,1.4
BELGIUM,BALANCE,NATGASCM,INDPROD,SEP2022,2.5
BELGIUM,BALANCE,NATGASCM,INDPROD,YTD2021,8.8
BELGIUM,BALANCE,NATGASCM,INDPROD,YTD2022,19.7
BELGIUM,BALANCE,NATGASCM,STCHANAT,2020,-147.3
BELGIUM,BALANCE,NATGASCM,STCHANAT,2021,-13.9
BELGIUM,BALANCE,NATGASCM,STCHANAT,3Q2022,258.5
BELGIUM,BALANCE,NATGASCM,STCHANAT,SEP2021,118.3
BELGIUM,BALANCE,NATGASCM,STCHANAT,SEP2022,56.8
BELGIUM,BALANCE,NATGASCM,STCHANAT,YTD2021,117.5
BELGIUM,BALANCE,NATGASCM,STCHANAT,YTD2022,327.8
BELGIUM,BALANCE,NATGASCM,TOTENTSB,2020,42696.4
BELGIUM,BALANCE,NATGASCM,TOTENTSB,2021,41005.2
BELGIUM,BALANCE,NATGASCM,TOTENTSB,3Q2022,15337.0
BELGIUM,BALANCE,NATGASCM,TOTENTSB,SEP2021,2455.5
BELGIUM,BALANCE,NATGASCM,TOTENTSB,SEP2022,5079.0
BELGIUM,BALANCE,NATGASCM,TOTENTSB,YTD2021,29545.1
BELGIUM,BALANCE,NATGASCM,TOTENTSB,YTD2022,45120.4
BELGIUM,BALANCE,NATGASCM,TOTEXTSB,2020,24630.7
BELGIUM,BALANCE,NATGASCM,TOTEXTSB,2021,22707.729
BELGIUM,BALANCE,NATGASCM,TOTEXTSB,3Q2022,12269.3
BELGIUM,BALANCE,NATGASCM,TOTEXTSB,SEP2021,1427.829
BELGIUM,BALANCE,NATGASCM,TOTEXTSB,SEP2022,4046.7
BELGIUM,BALANCE,NATGASCM,TOTEXTSB,YTD2021,16303.429
BELGIUM,BALANCE,NATGASCM,TOTEXTSB,YTD2022,33381.4
CANADA,BALANCE,NATGASCM,GDINCTRO,2020,133021.767
CANADA,BALANCE,NATGASCM,GDINCTRO,2021,137805.594
CANADA,BALANCE,NATGASCM,GDINCTRO,3Q2022,18552.207
CANADA,BALANCE,NATGASCM,GDINCTRO,SEP2021,8925.013
CANADA,BALANCE,NATGASCM,GDINCTRO,YTD2021,99324.254
CANADA,BALANCE,NATGASCM,GDINCTRO,YTD2022,92445.381
CANADA,BALANCE,NATGASCM,INDPROD,2020,183527.509
CANADA,BALANCE,NATGASCM,INDPROD,2021,190348.203
CANADA,BALANCE,NATGASCM,INDPROD,3Q2022,33661.634
CANADA,BALANCE,NATGASCM,INDPROD,SEP2021,15752.566
CANADA,BALANCE,NATGASCM,INDPROD,YTD2021,140710.209
CANADA,BALANCE,NATGASCM,INDPROD,YTD2022,133535.603
CANADA,BALANCE,NATGASCM,STCHANAT,2020,3216.792
CANADA,BALANCE,NATGASCM,STCHANAT,2021,-2810.319
CANADA,BALANCE,NATGASCM,STCHANAT,3Q2022,5225.454
CANADA,BALANCE,NATGASCM,STCHANAT,SEP2021,2433.266
CANADA,BALANCE,NATGASCM,STCHANAT,YTD2021,192.01
CANADA,BALANCE,NATGASCM,STCHANAT,YTD2022,-474.973
CANADA,BALANCE,NATGASCM,TOTENTSB,2020,23641.962
CANADA,BALANCE,NATGASCM,TOTENTSB,2021,24207.29
CANADA,BALANCE,NATGASCM,TOTENTSB,3Q2022,3795.656
CANADA,BALANCE,NATGASCM,TOTENTSB,SEP2021,1860.132
CANADA,BALANCE,NATGASCM,TOTENTSB,YTD2021,17630.51
CANADA,BALANCE,NATGASCM,TOTENTSB,YTD2022,15761.625
CANADA,BALANCE,NATGASCM,TOTEXTSB,2020,70930.912
CANADA,BALANCE,NATGASCM,TOTEXTSB,2021,79560.218
CANADA,BALANCE,NATGASCM,TOTEXTSB,3Q2022,13679.629
CANADA,BALANCE,NATGASCM,TOTEXTSB,SEP2021,6254.419
CANADA,BALANCE,NATGASCM,TOTEXTSB,YTD2021,58824.455
CANADA,BALANCE,NATGASCM,TOTEXTSB,YTD2022,57326.82
CHILE,BALANCE,NATGASCM,GDINCTRO,2020,6233.0
CHILE,BALANCE,NATGASCM,GDINCTRO,2021,6270.0
CHILE,BALANCE,NATGASCM,GDINCTRO,3Q2022,1149.0
CHILE,BALANCE,NATGASCM,GDINCTRO,SEP2021,498.0
CHILE,BALANCE,NATGASCM,GDINCTRO,YTD2021,4679.0
CHILE,BALANCE,NATGASCM,GDINCTRO,YTD2022,4732.0
CHILE,BALANCE,NATGASCM,INDPROD,2020,1402.0
CHILE,BALANCE,NATGASCM,INDPROD,2021,1275.0
CHILE,BALANCE,NATGASCM,INDPROD,3Q2022,260.0
CHILE,BALANCE,NATGASCM,INDPROD,SEP2021,114.0
CHILE,BALANCE,NATGASCM,INDPROD,YTD2021,956.0
CHILE,BALANCE,NATGASCM,INDPROD,YTD2022,914.0
CHILE,BALANCE,NATGASCM,STCHANAT,2020,-36.0
CHILE,BALANCE,NATGASCM,STCHANAT,2021,15.0
CHILE,BALANCE,NATGASCM,STCHANAT,3Q2022,80.0
CHILE,BALANCE,NATGASCM,STCHANAT,SEP2021,12.0
CHILE,BALANCE,NATGASCM,STCHANAT,YTD2021,110.0
CHILE,BALANCE,NATGASCM,STCHANAT,YTD2022,35.0
CHILE,BALANCE,NATGASCM,TOTENTSB,2020,4865.0
CHILE,BALANCE,NATGASCM,TOTENTSB,2021,4488.5
CHILE,BALANCE,NATGASCM,TOTENTSB,3Q2022,1080.2
CHILE,BALANCE,NATGASCM,TOTENTSB,SEP2021,391.0
CHILE,BALANCE,NATGASCM,TOTENTSB,YTD2021,3371.8
CHILE,BALANCE,NATGASCM,TOTENTSB,YTD2022,3619.1
CZECH,BALANCE,NATGASCM,GDINCTRO,2020,8821.022
CZECH,BALANCE,NATGASCM,GDINCTRO,2021,9458.997
CZECH,BALANCE,NATGASCM,GDINCTRO,3Q2022,616.938
CZECH,BALANCE,NATGASCM,GDINCTRO,SEP2021,438.45
CZECH,BALANCE,NATGASCM,GDINCTRO,YTD2021,6637.591
CZECH,BALANCE,NATGASCM,GDINCTRO,YTD2022,4956.297
CZECH,BALANCE,NATGASCM,INDPROD,2020,196.075
CZECH,BALANCE,NATGASCM,INDPROD,2021,203.801
CZECH,BALANCE,NATGASCM,INDPROD,3Q2022,38.052
CZECH,BALANCE,NATGASCM,INDPROD,SEP2021,17.114
CZECH,BALANCE,NATGASCM,INDPROD,YTD2021,148.614
CZECH,BALANCE,NATGASCM,INDPROD,YTD2022,146.907
CZECH,BALANCE,NATGASCM,STCHANAT,2020,-1036.832
CZECH,BALANCE,NATGASCM,STCHANAT,2021,-536.3
CZECH,BALANCE,NATGASCM,STCHANAT,3Q2022,544.856
CZECH,BALANCE,NATGASCM,STCHANAT,SEP2021,529.514
CZECH,BALANCE,NATGASCM,STCHANAT,YTD2021,367.437
CZECH,BALANCE,NATGASCM,STCHANAT,YTD2022,1170.056
CZECH,BALANCE,NATGASCM,TOTENTSB,2020,43481.571
CZECH,BALANCE,NATGASCM,TOTENTSB,2021,45652.259
CZECH,BALANCE,NATGASCM,TOTENTSB,3Q2022,3024.976
CZECH,BALANCE,NATGASCM,TOTENTSB,SEP2021,4436.855
CZECH,BALANCE,NATGASCM,TOTENTSB,YTD2021,35833.825
CZECH,BALANCE,NATGASCM,TOTENTSB,YTD2022,23403.321
CZECH,BALANCE,NATGASCM,TOTEXTSB,2020,35893.456
CZECH,BALANCE,NATGASCM,TOTEXTSB,2021,36933.363
CZECH,BALANCE,NATGASCM,TOTEXTSB,3Q2022,1901.234
CZECH,BALANCE,NATGASCM,TOTEXTSB,SEP2021,3486.005
CZECH,BALANCE,NATGASCM,TOTEXTSB,YTD2021,28977.411
CZECH,BALANCE,NATGASCM,TOTEXTSB,YTD2022,17423.875
DENMARK,BALANCE,NATGASCM,GDINCTRO,2020,2817.43
DENMARK,BALANCE,NATGASCM,GDINCTRO,2021,2957.98
DENMARK,BALANCE,NATGASCM,GDINCTRO,3Q2022,239.82
DENMARK,BALANCE,NATGASCM,GDINCTRO,SEP2021,160.494
DENMARK,BALANCE,NATGASCM,GDINCTRO,YTD2021,2153.417
DENMARK,BALANCE,NATGASCM,GDINCTRO,YTD2022,1564.179
DENMARK,BALANCE,NATGASCM,INDPROD,2020,1840.411
DENMARK,BALANCE,NATGASCM,INDPROD,2021,1862.545
DENMARK,BALANCE,NATGASCM,INDPROD,3Q2022,346.023
DENMARK,BALANCE,NATGASCM,INDPROD,SEP2021,144.288
DENMARK,BALANCE,NATGASCM,INDPROD,YTD2021,1380.127
DENMARK,BALANCE,NATGASCM,INDPROD,YTD2022,1269.041
DENMARK,BALANCE,NATGASCM,STCHANAT,2020,-27.634
DENMARK,BALANCE,NATGASCM,STCHANAT,2021,-298.242
DENMARK,BALANCE,NATGASCM,STCHANAT,3Q2022,152.595
DENMARK,BALANCE,NATGASCM,STCHANAT,SEP2021,94.921
DENMARK,BALANCE,NATGASCM,STCHANAT,YTD2021,-205.815
DENMARK,BALANCE,NATGASCM,STCHANAT,YTD2022,245.467
DENMARK,BALANCE,NATGASCM,TOTENTSB,2020,2663.09
DENMARK,BALANCE,NATGASCM,TOTENTSB,2021,2499.038
DENMARK,BALANCE,NATGASCM,TOTENTSB,3Q2022,273.448
DENMARK,BALANCE,NATGASCM,TOTENTSB,SEP2021,219.607
DENMARK,BALANCE,NATGASCM,TOTENTSB,YTD2021,1815.503
DENMARK,BALANCE,NATGASCM,TOTENTSB,YTD2022,1521.35
DENMARK,BALANCE,NATGASCM,TOTEXTSB,2020,1714.163
DENMARK,BALANCE,NATGASCM,TOTEXTSB,2021,1702.182
DENMARK,BALANCE,NATGASCM,TOTEXTSB,3Q2022,244.566
DENMARK,BALANCE,NATGASCM,TOTEXTSB,SEP2021,108.288
DENMARK,BALANCE,NATGASCM,TOTEXTSB,YTD2021,1248.92
DENMARK,BALANCE,NATGASCM,TOTEXTSB,YTD2022,989.399
ESTONIA,BALANCE,NATGASCM,GDINCTRO,2020,421.0
ESTONIA,BALANCE,NATGASCM,GDINCTRO,2021,477.4
ESTONIA,BALANCE,NATGASCM,GDINCTRO,3Q2022,23.9
ESTONIA,BALANCE,NATGASCM,GDINCTRO,SEP2021,25.6
ESTONIA,BALANCE,NATGASCM,GDINCTRO,YTD2021,330.9
ESTONIA,BALANCE,NATGASCM,GDINCTRO,YTD2022,246.7
ESTONIA,BALANCE,NATGASCM,TOTENTSB,2020,421.0
ESTONIA,BALANCE,NATGASCM,TOTENTSB,2021,477.4
ESTONIA,BALANCE,NATGASCM,TOTENTSB,3Q2022,23.9
ESTONIA,BALANCE,NATGASCM,TOTENTSB,SEP2021,25.6
ESTONIA,BALANCE,NATGASCM,TOTENTSB,YTD2021,330.9
ESTONIA,BALANCE,NATGASCM,TOTENTSB,YTD2022,246.7
FINLAND,BALANCE,NATGASCM,GDINCTRO,2020,2430.5
FINLAND,BALANCE,NATGASCM,GDINCTRO,2021,2419.765
FINLAND,BALANCE,NATGASCM,GDINCTRO,3Q2022,267.685
FINLAND,BALANCE,NATGASCM,GDINCTRO,SEP2021,174.895
FINLAND,BALANCE,NATGASCM,GDINCTRO,SEP2022,81.895
FINLAND,BALANCE,NATGASCM,GDINCTRO,YTD2021,1907.08
FINLAND,BALANCE,NATGASCM,GDINCTRO,YTD2022,1006.875
FINLAND,BALANCE,NATGASCM,INDPROD,2020,12.0
FINLAND,BALANCE,NATGASCM,INDPROD,2021,12.0
FINLAND,BALANCE,NATGASCM,INDPROD,3Q2022,3.0
FINLAND,BALANCE,NATGASCM,INDPROD,SEP2021,1.0
FINLAND,BALANCE,NATGASCM,INDPROD,SEP2022,1.0
FINLAND,BALANCE,NATGASCM,INDPROD,YTD2021,9.0
FINLAND,BALANCE,NATGASCM,INDPROD,YTD2022,9.0
FINLAND,BALANCE,NATGASCM,STCHANAT,2020,7.0
FINLAND,BALANCE,NATGASCM,STCHANAT,2021,-10.0
FINLAND,BALANCE,NATGASCM,STCHANAT,3Q2022,-3.0
FINLAND,BALANCE,NATGASCM,STCHANAT,SEP2021,-6.0
FINLAND,BALANCE,NATGASCM,STCHANAT,SEP2022,-2.0
FINLAND,BALANCE,NATGASCM,STCHANAT,YTD2021,-18.0
FINLAND,BALANCE,NATGASCM,STCHANAT,YTD2022,5.0
FINLAND,BALANCE,NATGASCM,TOTENTSB,2020,2627.0
FINLAND,BALANCE,NATGASCM,TOTENTSB,2021,2630.0
FINLAND,BALANCE,NATGASCM,TOTENTSB,3Q2022,265.0
FINLAND,BALANCE,NATGASCM,TOTENTSB,SEP2021,172.0
FINLAND,BALANCE,NATGASCM,TOTENTSB,SEP2022,82.0
FINLAND,BALANCE,NATGASCM,TOTENTSB,YTD2021,2036.0
FINLAND,BALANCE,NATGASCM,TOTENTSB,YTD2022,1154.44
FINLAND,BALANCE,NATGASCM,TOTEXTSB,2020,182.0
FINLAND,BALANCE,NATGASCM,TOTEXTSB,2021,244.0
FINLAND,BALANCE,NATGASCM,TOTEXTSB,3Q2022,3.156
FINLAND,BALANCE,NATGASCM,TOTEXTSB,SEP2021,4.0
FINLAND,BALANCE,NATGASCM,TOTEXTSB,SEP2022,3.078
FINLAND,BALANCE,NATGASCM,TOTEXTSB,YTD2021,168.0
FINLAND,BALANCE,NATGASCM,TOTEXTSB,YTD2022,106.326
FRANCE,BALANCE,NATGASCM,GDINCTRO,2020,38562.778
FRANCE,BALANCE,NATGASCM,GDINCTRO,2021,40866.655
FRANCE,BALANCE,NATGASCM,GDINCTRO,3Q2022,5099.954
FRANCE,BALANCE,NATGASCM,GDINCTRO,SEP2021,1717.031
FRANCE,BALANCE,NATGASCM,GDINCTRO,SEP2022,1915.682
FRANCE,BALANCE,NATGASCM,GDINCTRO,YTD2021,27681.464
FRANCE,BALANCE,NATGASCM,GDINCTRO,YTD2022,26202.227
FRANCE,BALANCE,NATGASCM,INDPROD,2020,207.707
FRANCE,BALANCE,NATGASCM,INDPROD,2021,396.261
FRANCE,BALANCE,NATGASCM,INDPROD,3Q2022,157.533
FRANCE,BALANCE,NATGASCM,INDPROD,SEP2021,34.754
FRANCE,BALANCE,NATGASCM,INDPROD,SEP2022,54.212
FRANCE,BALANCE,NATGASCM,INDPROD,YTD2021,270.89
FRANCE,BALANCE,NATGASCM,INDPROD,YTD2022,442.401
FRANCE,BALANCE,NATGASCM,STCHANAT,2020,-2025.842
FRANCE,BALANCE,NATGASCM,STCHANAT,2021,-1553.438
FRANCE,BALANCE,NATGASCM,STCHANAT,3Q2022,4001.382
FRANCE,BALANCE,NATGASCM,STCHANAT,SEP2021,989.58
FRANCE,BALANCE,NATGASCM,STCHANAT,SEP2022,671.456
FRANCE,BALANCE,NATGASCM,STCHANAT,YTD2021,2238.012
FRANCE,BALANCE,NATGASCM,STCHANAT,YTD2022,4642.886
FRANCE,BALANCE,NATGASCM,TOTENTSB,2020,46139.555
FRANCE,BALANCE,NATGASCM,TOTENTSB,2021,45409.757
FRANCE,BALANCE,NATGASCM,TOTENTSB,3Q2022,13239.871
FRANCE,BALANCE,NATGASCM,TOTENTSB,SEP2021,3073.195
FRANCE,BALANCE,NATGASCM,TOTENTSB,SEP2022,4038.997
FRANCE,BALANCE,NATGASCM,TOTENTSB,YTD2021,33960.563
FRANCE,BALANCE,NATGASCM,TOTENTSB,YTD2022,41157.757
FRANCE,BALANCE,NATGASCM,TOTEXTSB,2020,9101.767
FRANCE,BALANCE,NATGASCM,TOTEXTSB,2021,5788.097
FRANCE,BALANCE,NATGASCM,TOTEXTSB,3Q2022,4066.064
FRANCE,BALANCE,NATGASCM,TOTEXTSB,SEP2021,333.97
FRANCE,BALANCE,NATGASCM,TOTEXTSB,SEP2022,1430.896
FRANCE,BALANCE,NATGASCM,TOTEXTSB,YTD2021,3858.678
FRANCE,BALANCE,NATGASCM,TOTEXTSB,YTD2022,10205.07
GERMANY,BALANCE,NATGASCM,GDINCTRO,2020,89289.949
GERMANY,BALANCE,NATGASCM,GDINCTRO,2021,93626.68
GERMANY,BALANCE,NATGASCM,GDINCTRO,3Q2022,6697.276
GERMANY,BALANCE,NATGASCM,GDINCTRO,SEP2021,4193.666
GERMANY,BALANCE,NATGASCM,GDINCTRO,YTD2021,65092.469
GERMANY,BALANCE,NATGASCM,GDINCTRO,YTD2022,52915.871
GERMANY,BALANCE,NATGASCM,INDPROD,2020,4874.0
GERMANY,BALANCE,NATGASCM,INDPROD,2021,4806.0
GERMANY,BALANCE,NATGASCM,INDPROD,3Q2022,740.0
GERMANY,BALANCE,NATGASCM,INDPROD,SEP2021,382.0
GERMANY,BALANCE,NATGASCM,INDPROD,YTD2021,3555.0
GERMANY,BALANCE,NATGASCM,INDPROD,YTD2022,3103.0
GERMANY,BALANCE,NATGASCM,STCHANAT,2020,-5174.0
GERMANY,BALANCE,NATGASCM,STCHANAT,2021,-5667.0
GERMANY,BALANCE,NATGASCM,STCHANAT,3Q2022,5991.0
GERMANY,BALANCE,NATGASCM,STCHANAT,SEP2021,2060.0
GERMANY,BALANCE,NATGASCM,STCHANAT,YTD2021,-1901.0
GERMANY,BALANCE,NATGASCM,STCHANAT,YTD2022,7453.0
GERMANY,BALANCE,NATGASCM,TOTENTSB,2020,155492.654
GERMANY,BALANCE,NATGASCM,TOTENTSB,2021,154452.948
GERMANY,BALANCE,NATGASCM,TOTENTSB,3Q2022,19194.69
GERMANY,BALANCE,NATGASCM,TOTENTSB,SEP2021,12073.625
GERMANY,BALANCE,NATGASCM,TOTENTSB,YTD2021,115619.269
GERMANY,BALANCE,NATGASCM,TOTENTSB,YTD2022,97923.475
GERMANY,BALANCE,NATGASCM,TOTEXTSB,2020,76250.705
GERMANY,BALANCE,NATGASCM,TOTEXTSB,2021,71299.268
GERMANY,BALANCE,NATGASCM,TOTEXTSB,3Q2022,7246.413
GERMANY,BALANCE,NATGASCM,TOTEXTSB,SEP2021,6201.959
GERMANY,BALANCE,NATGASCM,TOTEXTSB,YTD2021,55982.8
GERMANY,BALANCE,NATGASCM,TOTEXTSB,YTD2022,40657.603
GREECE,BALANCE,NATGASCM,GDINCTRO,2020,5830.89
GREECE,BALANCE,NATGASCM,GDINCTRO,2021,6451.516
GREECE,BALANCE,NATGASCM,GDINCTRO,3Q2022,1052.853
GREECE,BALANCE,NATGASCM,GDINCTRO,SEP2021,520.749
GREECE,BALANCE,NATGASCM,GDINCTRO,YTD2021,4840.243
GREECE,BALANCE,NATGASCM,GDINCTRO,YTD2022,3983.833
GREECE,BALANCE,NATGASCM,INDPROD,2020,6.48
GREECE,BALANCE,NATGASCM,INDPROD,2021,4.019
GREECE,BALANCE,NATGASCM,INDPROD,SEP2021,0.406
GREECE,BALANCE,NATGASCM,INDPROD,YTD2021,4.019
GREECE,BALANCE,NATGASCM,STCHANAT,2020,42.439
GREECE,BALANCE,NATGASCM,STCHANAT,2021,-31.599
GREECE,BALANCE,NATGASCM,STCHANAT,3Q2022,74.701
GREECE,BALANCE,NATGASCM,STCHANAT,SEP2021,-50.298
GREECE,BALANCE,NATGASCM,STCHANAT,YTD2021,-67.758
GREECE,BALANCE,NATGASCM,STCHANAT,YTD2022,2.113
GREECE,BALANCE,NATGASCM,TOTENTSB,2020,5902.732
GREECE,BALANCE,NATGASCM,TOTENTSB,2021,13337.416
GREECE,BALANCE,NATGASCM,TOTENTSB,3Q2022,2801.966
GREECE,BALANCE,NATGASCM,TOTENTSB,SEP2021,1115.687
GREECE,BALANCE,NATGASCM,TOTENTSB,YTD2021,9451.291
GREECE,BALANCE,NATGASCM,TOTENTSB,YTD2022,10443.6
GREECE,BALANCE,NATGASCM,TOTEXTSB,2020,33.24
GREECE,BALANCE,NATGASCM,TOTEXTSB,2021,6878.297
GREECE,BALANCE,NATGASCM,TOTEXTSB,3Q2022,1708.758
GREECE,BALANCE,NATGASCM,TOTEXTSB,SEP2021,642.373
GREECE,BALANCE,NATGASCM,TOTEXTSB,YTD2021,4655.125
GREECE,BALANCE,NATGASCM,TOTEXTSB,YTD2022,6614.802
HUNGARY,BALANCE,NATGASCM,GDINCTRO,2020,10598.862
HUNGARY,BALANCE,NATGASCM,GDINCTRO,2021,11233.062
HUNGARY,BALANCE,NATGASCM,GDINCTRO,3Q2022,743.349
HUNGARY,BALANCE,NATGASCM,GDINCTRO,SEP2021,472.863
HUNGARY,BALANCE,NATGASCM,GDINCTRO,YTD2021,7480.379
HUNGARY,BALANCE,NATGASCM,GDINCTRO,YTD2022,6467.07
HUNGARY,BALANCE,NATGASCM,INDPROD,2020,1690.808
HUNGARY,BALANCE,NATGASCM,INDPROD,2021,1506.265
HUNGARY,BALANCE,NATGASCM,INDPROD,3Q2022,260.549
HUNGARY,BALANCE,NATGASCM,INDPROD,SEP2021,116.663
HUNGARY,BALANCE,NATGASCM,INDPROD,YTD2021,1128.382
HUNGARY,BALANCE,NATGASCM,INDPROD,YTD2022,993.898
HUNGARY,BALANCE,NATGASCM,STCHANAT,2020,-981.0
HUNGARY,BALANCE,NATGASCM,STCHANAT,2021,-2248.8
HUNGARY,BALANCE,NATGASCM,STCHANAT,3Q2022,1519.9
HUNGARY,BALANCE,NATGASCM,STCHANAT,SEP2021,217.0
HUNGARY,BALANCE,NATGASCM,STCHANAT,YTD2021,-76.0
HUNGARY,BALANCE,NATGASCM,STCHANAT,YTD2022,913.7
HUNGARY,BALANCE,NATGASCM,TOTENTSB,2020,13718.0
HUNGARY,BALANCE,NATGASCM,TOTENTSB,2021,8447.9
HUNGARY,BALANCE,NATGASCM,TOTENTSB,3Q2022,2050.2
HUNGARY,BALANCE,NATGASCM,TOTENTSB,SEP2021,576.6
HUNGARY,BALANCE,NATGASCM,TOTENTSB,YTD2021,7043.6
HUNGARY,BALANCE,NATGASCM,TOTENTSB,YTD2022,7396.4
HUNGARY,BALANCE,NATGASCM,TOTEXTSB,2020,5790.0
HUNGARY,BALANCE,NATGASCM,TOTEXTSB,2021,969.903
HUNGARY,BALANCE,NATGASCM,TOTEXTSB,3Q2022,47.5
HUNGARY,BALANCE,NATGASCM,TOTEXTSB,SEP2021,3.4
HUNGARY,BALANCE,NATGASCM,TOTEXTSB,YTD2021,767.603
HUNGARY,BALANCE,NATGASCM,TOTEXTSB,YTD2022,1097.9
IRELAND,BALANCE,NATGASCM,GDINCTRO,2020,5469.651
IRELAND,BALANCE,NATGASCM,GDINCTRO,2021,5214.865
IRELAND,BALANCE,NATGASCM,GDINCTRO,3Q2022,1284.737
IRELAND,BALANCE,NATGASCM,GDINCTRO,SEP2021,383.741
IRELAND,BALANCE,NATGASCM,GDINCTRO,SEP2022,396.515
IRELAND,BALANCE,NATGASCM,GDINCTRO,YTD2021,3894.518
IRELAND,BALANCE,NATGASCM,GDINCTRO,YTD2022,3973.435
IRELAND,BALANCE,NATGASCM,INDPROD,2020,2029.651
IRELAND,BALANCE,NATGASCM,INDPROD,2021,1550.865
IRELAND,BALANCE,NATGASCM,INDPROD,3Q2022,340.737
IRELAND,BALANCE,NATGASCM,INDPROD,SEP2021,138.741
IRELAND,BALANCE,NATGASCM,INDPROD,SEP2022,114.515
IRELAND,BALANCE,NATGASCM,INDPROD,YTD2021,1142.518
IRELAND,BALANCE,NATGASCM,INDPROD,YTD2022,1090.435
IRELAND,BALANCE,NATGASCM,TOTENTSB,2020,3439.0
IRELAND,BALANCE,NATGASCM,TOTENTSB,2021,3664.0
IRELAND,BALANCE,NATGASCM,TOTENTSB,3Q2022,944.0
IRELAND,BALANCE,NATGASCM,TOTENTSB,SEP2021,245.0
IRELAND,BALANCE,NATGASCM,TOTENTSB,SEP2022,282.0
IRELAND,BALANCE,NATGASCM,TOTENTSB,YTD2021,2752.0
IRELAND,BALANCE,NATGASCM,TOTENTSB,YTD2022,2883.0
ISRAEL,BALANCE,NATGASCM,GDINCTRO,2020,10020.0
ISRAEL,BALANCE,NATGASCM,GDINCTRO,2021,10440.0
ISRAEL,BALANCE,NATGASCM,GDINCTRO,3Q2022,1740.0
ISRAEL,BALANCE,NATGASCM,GDINCTRO,SEP2021,870.0
ISRAEL,BALANCE,NATGASCM,GDINCTRO,YTD2021,7830.0
ISRAEL,BALANCE,NATGASCM,GDINCTRO,YTD2022,6960.0
ISRAEL,BALANCE,NATGASCM,INDPROD,2020,13044.0
ISRAEL,BALANCE,NATGASCM,INDPROD,2021,16332.0
ISRAEL,BALANCE,NATGASCM,INDPROD,3Q2022,2722.0
ISRAEL,BALANCE,NATGASCM,INDPROD,SEP2021,1361.0
ISRAEL,BALANCE,NATGASCM,INDPROD,YTD2021,12249.0
ISRAEL,BALANCE,NATGASCM,INDPROD,YTD2022,10888.0
ISRAEL,BALANCE,NATGASCM,TOTENTSB,2020,564.0
ISRAEL,BALANCE,NATGASCM,TOTENTSB,2021,144.0
ISRAEL,BALANCE,NATGASCM,TOTENTSB,3Q2022,24.0
ISRAEL,BALANCE,NATGASCM,TOTENTSB,SEP2021,12.0
ISRAEL,BALANCE,NATGASCM,TOTENTSB,YTD2021,108.0
ISRAEL,BALANCE,NATGASCM,TOTENTSB,YTD2022,96.0
ISRAEL,BALANCE,NATGASCM,TOTEXTSB,2020,3588.0
ISRAEL,BALANCE,NATGASCM,TOTEXTSB,2021,6036.0
ISRAEL,BALANCE,NATGASCM,TOTEXTSB,3Q2022,1006.0
ISRAEL,BALANCE,NATGASCM,TOTEXTSB,SEP2021,503.0
ISRAEL,BALANCE,NATGASCM,TOTEXTSB,YTD2021,4527.0
ISRAEL,BALANCE,NATGASCM,TOTEXTSB,YTD2022,4024.0
ITALY,BALANCE,NATGASCM,GDINCTRO,2020,70920.4
ITALY,BALANCE,NATGASCM,GDINCTRO,2021,76107.5
ITALY,BALANCE,NATGASCM,GDINCTRO,3Q2022,8253.0
ITALY,BALANCE,NATGASCM,GDINCTRO,SEP2021,4914.0
ITALY,BALANCE,NATGASCM,GDINCTRO,YTD2021,53197.5
ITALY,BALANCE,NATGASCM,GDINCTRO,YTD2022,47327.0
ITALY,BALANCE,NATGASCM,INDPROD,2020,3932.0
ITALY,BALANCE,NATGASCM,INDPROD,2021,3334.5
ITALY,BALANCE,NATGASCM,INDPROD,3Q2022,563.0
ITALY,BALANCE,NATGASCM,INDPROD,SEP2021,267.0
ITALY,BALANCE,NATGASCM,INDPROD,YTD2021,2480.5
ITALY,BALANCE,NATGASCM,INDPROD,YTD2022,2200.0
ITALY,BALANCE,NATGASCM,STCHANAT,2020,-1077.0
ITALY,BALANCE,NATGASCM,STCHANAT,2021,-1590.0
ITALY,BALANCE,NATGASCM,STCHANAT,3Q2022,4326.0
ITALY,BALANCE,NATGASCM,STCHANAT,SEP2021,560.0
ITALY,BALANCE,NATGASCM,STCHANAT,YTD2021,2199.0
ITALY,BALANCE,NATGASCM,STCHANAT,YTD2022,2752.0
ITALY,BALANCE,NATGASCM,TOTENTSB,2020,66227.0
ITALY,BALANCE,NATGASCM,TOTENTSB,2021,72728.0
ITALY,BALANCE,NATGASCM,TOTENTSB,3Q2022,12512.0
ITALY,BALANCE,NATGASCM,TOTENTSB,SEP2021,5259.0
ITALY,BALANCE,NATGASCM,TOTENTSB,YTD2021,53658.0
ITALY,BALANCE,NATGASCM,TOTENTSB,YTD2022,50210.0
ITALY,BALANCE,NATGASCM,TOTEXTSB,2020,315.6
ITALY,BALANCE,NATGASCM,TOTEXTSB,2021,1545.0
ITALY,BALANCE,NATGASCM,TOTEXTSB,3Q2022,496.0
ITALY,BALANCE,NATGASCM,TOTEXTSB,SEP2021,52.0
ITALY,BALANCE,NATGASCM,TOTEXTSB,YTD2021,742.0
ITALY,BALANCE,NATGASCM,TOTEXTSB,YTD2022,2331.0
JAPAN,BALANCE,NATGASCM,GDINCTRO,2020,112086.519
JAPAN,BALANCE,NATGASCM,GDINCTRO,2021,97542.785
JAPAN,BALANCE,NATGASCM,GDINCTRO,3Q2022,24020.456
JAPAN,BALANCE,NATGASCM,GDINCTRO,SEP2021,6539.385
JAPAN,BALANCE,NATGASCM,GDINCTRO,SEP2022,7825.75
JAPAN,BALANCE,NATGASCM,GDINCTRO,YTD2021,73150.036
JAPAN,BALANCE,NATGASCM,GDINCTRO,YTD2022,74182.038
JAPAN,BALANCE,NATGASCM,INDPROD,2020,3586.606
JAPAN,BALANCE,NATGASCM,INDPROD,2021,3933.401
JAPAN,BALANCE,NATGASCM,INDPROD,3Q2022,971.704
JAPAN,BALANCE,NATGASCM,INDPROD,SEP2021,272.199
JAPAN,BALANCE,NATGASCM,INDPROD,SEP2022,319.466
JAPAN,BALANCE,NATGASCM,INDPROD,YTD2021,2929.327
JAPAN,BALANCE,NATGASCM,INDPROD,YTD2022,3153.979
JAPAN,BALANCE,NATGASCM,STCHANAT,2020,581.063
JAPAN,BALANCE,NATGASCM,STCHANAT,2021,2230.727
JAPAN,BALANCE,NATGASCM,STCHANAT,3Q2022,561.136
JAPAN,BALANCE,NATGASCM,STCHANAT,SEP2021,621.249
JAPAN,BALANCE,NATGASCM,STCHANAT,SEP2022,-428.665
JAPAN,BALANCE,NATGASCM,STCHANAT,YTD2021,2941.254
JAPAN,BALANCE,NATGASCM,STCHANAT,YTD2022,779.489
JAPAN,BALANCE,NATGASCM,TOTENTSB,2020,107287.568
JAPAN,BALANCE,NATGASCM,TOTENTSB,2021,98780.419
JAPAN,BALANCE,NATGASCM,TOTENTSB,3Q2022,23609.887
JAPAN,BALANCE,NATGASCM,TOTENTSB,SEP2021,7191.553
JAPAN,BALANCE,NATGASCM,TOTENTSB,SEP2022,7077.618
JAPAN,BALANCE,NATGASCM,TOTENTSB,YTD2021,75482.186
JAPAN,BALANCE,NATGASCM,TOTENTSB,YTD2022,73505.075
KOREA,BALANCE,NATGASCM,GDINCTRO,2020,51751.0
KOREA,BALANCE,NATGASCM,GDINCTRO,2021,57013.0
KOREA,BALANCE,NATGASCM,GDINCTRO,3Q2022,10937.0
KOREA,BALANCE,NATGASCM,GDINCTRO,SEP2021,3620.0
KOREA,BALANCE,NATGASCM,GDINCTRO,SEP2022,3250.0
KOREA,BALANCE,NATGASCM,GDINCTRO,YTD2021,41840.0
KOREA,BALANCE,NATGASCM,GDINCTRO,YTD2022,41364.0
KOREA,BALANCE,NATGASCM,INDPROD,2020,184.0
KOREA,BALANCE,NATGASCM,INDPROD,2021,56.0
KOREA,BALANCE,NATGASCM,INDPROD,SEP2021,3.0
KOREA,BALANCE,NATGASCM,INDPROD,YTD2021,48.0
KOREA,BALANCE,NATGASCM,STCHANAT,2020,-1387.0
KOREA,BALANCE,NATGASCM,STCHANAT,2021,412.0
KOREA,BALANCE,NATGASCM,STCHANAT,3Q2022,1073.0
KOREA,BALANCE,NATGASCM,STCHANAT,SEP2021,926.0
KOREA,BALANCE,NATGASCM,STCHANAT,SEP2022,-187.0
KOREA,BALANCE,NATGASCM,STCHANAT,YTD2021,1306.0
KOREA,BALANCE,NATGASCM,STCHANAT,YTD2022,-686.0
KOREA,BALANCE,NATGASCM,TOTENTSB,2020,53559.0
KOREA,BALANCE,NATGASCM,TOTENTSB,2021,60951.0
KOREA,BALANCE,NATGASCM,TOTENTSB,3Q2022,14306.0
KOREA,BALANCE,NATGASCM,TOTENTSB,SEP2021,4823.0
KOREA,BALANCE,NATGASCM,TOTENTSB,SEP2022,4907.0
KOREA,BALANCE,NATGASCM,TOTENTSB,YTD2021,45631.0
KOREA,BALANCE,NATGASCM,TOTENTSB,YTD2022,44090.0
LATVIA,BALANCE,NATGASCM,GDINCTRO,2020,1089.843
LATVIA,BALANCE,NATGASCM,GDINCTRO,2021,1187.344
LATVIA,BALANCE,NATGASCM,GDINCTRO,3Q2022,97.132
LATVIA,BALANCE,NATGASCM,GDINCTRO,SEP2021,69.486
LATVIA,BALANCE,NATGASCM,GDINCTRO,SEP2022,37.05
LATVIA,BALANCE,NATGASCM,GDINCTRO,YTD2021,820.354
LATVIA,BALANCE,NATGASCM,GDINCTRO,YTD2022,544.236
LATVIA,BALANCE,NATGASCM,STCHANAT,2020,187.288
LATVIA,BALANCE,NATGASCM,STCHANAT,2021,-479.888
LATVIA,BALANCE,NATGASCM,STCHANAT,3Q2022,254.75
LATVIA,BALANCE,NATGASCM,STCHANAT,SEP2021,26.955
LATVIA,BALANCE,NATGASCM,STCHANAT,SEP2022,59.85
LATVIA,BALANCE,NATGASCM,STCHANAT,YTD2021,20.972
LATVIA,BALANCE,NATGASCM,STCHANAT,YTD2022,25.955
LATVIA,BALANCE,NATGASCM,TOTENTSB,2020,2401.792
LATVIA,BALANCE,NATGASCM,TOTENTSB,2021,2013.083
LATVIA,BALANCE,NATGASCM,TOTENTSB,3Q2022,584.145
LATVIA,BALANCE,NATGASCM,TOTENTSB,SEP2021,160.049
LATVIA,BALANCE,NATGASCM,TOTENTSB,SEP2022,172.63
LATVIA,BALANCE,NATGASCM,TOTENTSB,YTD2021,1795.964
LATVIA,BALANCE,NATGASCM,TOTENTSB,YTD2022,1481.812
LATVIA,BALANCE,NATGASCM,TOTEXTSB,2020,1112.596
LATVIA,BALANCE,NATGASCM,TOTEXTSB,2021,1288.093
LATVIA,BALANCE,NATGASCM,TOTEXTSB,3Q2022,232.157
LATVIA,BALANCE,NATGASCM,TOTEXTSB,SEP2021,65.178
LATVIA,BALANCE,NATGASCM,TOTEXTSB,SEP2022,74.619
LATVIA,BALANCE,NATGASCM,TOTEXTSB,YTD2021,946.79
LATVIA,BALANCE,NATGASCM,TOTEXTSB,YTD2022,899.621
LITHUANIA,BALANCE,NATGASCM,GDINCTRO,2020,2434.8
LITHUANIA,BALANCE,NATGASCM,GDINCTRO,2021,2316.5
LITHUANIA,BALANCE,NATGASCM,GDINCTRO,3Q2022,150.4
LITHUANIA,BALANCE,NATGASCM,GDINCTRO,SEP2021,117.3
LITHUANIA,BALANCE,NATGASCM,GDINCTRO,YTD2021,1760.5
LITHUANIA,BALANCE,NATGASCM,GDINCTRO,YTD2022,1142.0
LITHUANIA,BALANCE,NATGASCM,STCHANAT,2020,-24.1
LITHUANIA,BALANCE,NATGASCM,STCHANAT,2021,19.2
LITHUANIA,BALANCE,NATGASCM,STCHANAT,3Q2022,42.3
LITHUANIA,BALANCE,NATGASCM,STCHANAT,SEP2021,44.8
LITHUANIA,BALANCE,NATGASCM,STCHANAT,YTD2021,36.8
LITHUANIA,BALANCE,NATGASCM,STCHANAT,YTD2022,102.0
LITHUANIA,BALANCE,NATGASCM,TOTENTSB,2020,5372.9
LITHUANIA,BALANCE,NATGASCM,TOTENTSB,2021,5002.1
LITHUANIA,BALANCE,NATGASCM,TOTENTSB,3Q2022,906.6
LITHUANIA,BALANCE,NATGASCM,TOTENTSB,SEP2021,363.2
LITHUANIA,BALANCE,NATGASCM,TOTENTSB,YTD2021,3649.7
LITHUANIA,BALANCE,NATGASCM,TOTENTSB,YTD2022,3957.0
LITHUANIA,BALANCE,NATGASCM,TOTEXTSB,2020,2962.2
LITHUANIA,BALANCE,NATGASCM,TOTEXTSB,2021,2666.4
LITHUANIA,BALANCE,NATGASCM,TOTEXTSB,3Q2022,713.9
LITHUANIA,BALANCE,NATGASCM,TOTEXTSB,SEP2021,201.1
LITHUANIA,BALANCE,NATGASCM,TOTEXTSB,YTD2021,1852.4
LITHUANIA,BALANCE,NATGASCM,TOTEXTSB,YTD2022,2713.0
LUXEMBOU,BALANCE,NATGASCM,GDINCTRO,2020,708.691
LUXEMBOU,BALANCE,NATGASCM,GDINCTRO,2021,761.568
LUXEMBOU,BALANCE,NATGASCM,GDINCTRO,3Q2022,76.884
LUXEMBOU,BALANCE,NATGASCM,GDINCTRO,SEP2021,39.366
LUXEMBOU,BALANCE,NATGASCM,GDINCTRO,SEP2022,31.336
LUXEMBOU,BALANCE,NATGASCM,GDINCTRO,YTD2021,537.338
LUXEMBOU,BALANCE,NATGASCM,GDINCTRO,YTD2022,432.005
LUXEMBOU,BALANCE,NATGASCM,INDPROD,2020,5.658
LUXEMBOU,BALANCE,NATGASCM,INDPROD,2021,4.819
LUXEMBOU,BALANCE,NATGASCM,INDPROD,3Q2022,1.09
LUXEMBOU,BALANCE,NATGASCM,INDPROD,SEP2021,0.387
LUXEMBOU,BALANCE,NATGASCM,INDPROD,SEP2022,0.347
LUXEMBOU,BALANCE,NATGASCM,INDPROD,YTD2021,3.763
LUXEMBOU,BALANCE,NATGASCM,INDPROD,YTD2022,3.267
LUXEMBOU,BALANCE,NATGASCM,TOTENTSB,2020,703.033
LUXEMBOU,BALANCE,NATGASCM,TOTENTSB,2021,756.75
LUXEMBOU,BALANCE,NATGASCM,TOTENTSB,3Q2022,75.794
LUXEMBOU,BALANCE,NATGASCM,TOTENTSB,SEP2021,38.979
LUXEMBOU,BALANCE,NATGASCM,TOTENTSB,SEP2022,30.989
LUXEMBOU,BALANCE,NATGASCM,TOTENTSB,YTD2021,533.576
LUXEMBOU,BALANCE,NATGASCM,TOTENTSB,YTD2022,428.737
MEXICO,BALANCE,NATGASCM,GDINCTRO,2020,45732.0
MEXICO,BALANCE,NATGASCM,GDINCTRO,2021,46264.0
MEXICO,BALANCE,NATGASCM,GDINCTRO,3Q2022,7737.0
MEXICO,BALANCE,NATGASCM,GDINCTRO,SEP2021,3303.0
MEXICO,BALANCE,NATGASCM,GDINCTRO,YTD2021,34746.0
MEXICO,BALANCE,NATGASCM,GDINCTRO,YTD2022,30716.0
MEXICO,BALANCE,NATGASCM,INDPROD,2020,36905.0
MEXICO,BALANCE,NATGASCM,INDPROD,2021,36928.0
MEXICO,BALANCE,NATGASCM,INDPROD,3Q2022,6925.0
MEXICO,BALANCE,NATGASCM,INDPROD,SEP2021,2628.0
MEXICO,BALANCE,NATGASCM,INDPROD,YTD2021,27483.0
MEXICO,BALANCE,NATGASCM,INDPROD,YTD2022,26625.0
MEXICO,BALANCE,NATGASCM,TOTENTSB,2020,8839.0
MEXICO,BALANCE,NATGASCM,TOTENTSB,2021,9348.0
MEXICO,BALANCE,NATGASCM,TOTENTSB,3Q2022,814.0
MEXICO,BALANCE,NATGASCM,TOTENTSB,SEP2021,676.0
MEXICO,BALANCE,NATGASCM,TOTENTSB,YTD2021,7272.0
MEXICO,BALANCE,NATGASCM,TOTENTSB,YTD2022,4099.0
MEXICO,BALANCE,NATGASCM,TOTEXTSB,2020,12.0
MEXICO,BALANCE,NATGASCM,TOTEXTSB,2021,12.0
MEXICO,BALANCE,NATGASCM,TOTEXTSB,3Q2022,2.0
MEXICO,BALANCE,NATGASCM,TOTEXTSB,SEP2021,1.0
MEXICO,BALANCE,NATGASCM,TOTEXTSB,YTD2021,9.0
MEXICO,BALANCE,NATGASCM,TOTEXTSB,YTD2022,8.0
NETHLAND,BALANCE,NATGASCM,GDINCTRO,2020,44068.36
NETHLAND,BALANCE,NATGASCM,GDINCTRO,2021,42278.984
NETHLAND,BALANCE,NATGASCM,GDINCTRO,3Q2022,3591.003
NETHLAND,BALANCE,NATGASCM,GDINCTRO,SEP2021,2239.08
NETHLAND,BALANCE,NATGASCM,GDINCTRO,YTD2021,31272.218
NETHLAND,BALANCE,NATGASCM,GDINCTRO,YTD2022,22186.848
NETHLAND,BALANCE,NATGASCM,INDPROD,2020,24165.528
NETHLAND,BALANCE,NATGASCM,INDPROD,2021,21962.238
NETHLAND,BALANCE,NATGASCM,INDPROD,3Q2022,2575.389
NETHLAND,BALANCE,NATGASCM,INDPROD,SEP2021,1454.306
NETHLAND,BALANCE,NATGASCM,INDPROD,YTD2021,17199.605
NETHLAND,BALANCE,NATGASCM,INDPROD,YTD2022,12864.465
NETHLAND,BALANCE,NATGASCM,STCHANAT,2020,-115.146
NETHLAND,BALANCE,NATGASCM,STCHANAT,2021,-6335.147
NETHLAND,BALANCE,NATGASCM,STCHANAT,3Q2022,3603.59
NETHLAND,BALANCE,NATGASCM,STCHANAT,SEP2021,1625.849
NETHLAND,BALANCE,NATGASCM,STCHANAT,YTD2021,-2254.37
NETHLAND,BALANCE,NATGASCM,STCHANAT,YTD2022,6528.881
NETHLAND,BALANCE,NATGASCM,TOTENTSB,2020,59920.727
NETHLAND,BALANCE,NATGASCM,TOTENTSB,2021,57424.923
NETHLAND,BALANCE,NATGASCM,TOTENTSB,3Q2022,10869.615
NETHLAND,BALANCE,NATGASCM,TOTENTSB,SEP2021,5134.517
NETHLAND,BALANCE,NATGASCM,TOTENTSB,YTD2021,43465.963
NETHLAND,BALANCE,NATGASCM,TOTENTSB,YTD2022,41019.915
NETHLAND,BALANCE,NATGASCM,TOTEXTSB,2020,39974.464
NETHLAND,BALANCE,NATGASCM,TOTEXTSB,2021,43278.055
NETHLAND,BALANCE,NATGASCM,TOTEXTSB,3Q2022,6235.131
NETHLAND,BALANCE,NATGASCM,TOTEXTSB,SEP2021,2708.927
NETHLAND,BALANCE,NATGASCM,TOTEXTSB,YTD2021,31500.885
NETHLAND,BALANCE,NATGASCM,TOTEXTSB,YTD2022,25091.41
NORWAY,BALANCE,NATGASCM,GDINCTRO,2020,4915.076
NORWAY,BALANCE,NATGASCM,GDINCTRO,2021,4551.663
NORWAY,BALANCE,NATGASCM,GDINCTRO,3Q2022,800.866
NORWAY,BALANCE,NATGASCM,GDINCTRO,SEP2021,349.081
NORWAY,BALANCE,NATGASCM,GDINCTRO,YTD2021,3433.38
NORWAY,BALANCE,NATGASCM,GDINCTRO,YTD2022,2985.273
NORWAY,BALANCE,NATGASCM,INDPROD,2020,116206.117
NORWAY,BALANCE,NATGASCM,INDPROD,2021,118299.735
NORWAY,BALANCE,NATGASCM,INDPROD,3Q2022,22189.391
NORWAY,BALANCE,NATGASCM,INDPROD,SEP2021,9190.565
NORWAY,BALANCE,NATGASCM,INDPROD,YTD2021,85478.325
NORWAY,BALANCE,NATGASCM,INDPROD,YTD2022,84399.613
NORWAY,BALANCE,NATGASCM,STCHANAT,2020,-4.71
NORWAY,BALANCE,NATGASCM,STCHANAT,2021,73.032
NORWAY,BALANCE,NATGASCM,STCHANAT,3Q2022,50.851
NORWAY,BALANCE,NATGASCM,STCHANAT,SEP2021,-0.223
NORWAY,BALANCE,NATGASCM,STCHANAT,YTD2021,-8.472
NORWAY,BALANCE,NATGASCM,STCHANAT,YTD2022,-5.401
NORWAY,BALANCE,NATGASCM,TOTENTSB,2021,37.048
NORWAY,BALANCE,NATGASCM,TOTENTSB,3Q2022,10.515
NORWAY,BALANCE,NATGASCM,TOTENTSB,SEP2021,3.065
NORWAY,BALANCE,NATGASCM,TOTENTSB,YTD2021,23.2
NORWAY,BALANCE,NATGASCM,TOTENTSB,YTD2022,46.352
NORWAY,BALANCE,NATGASCM,TOTEXTSB,2020,112951.459
NORWAY,BALANCE,NATGASCM,TOTEXTSB,2021,111448.899
NORWAY,BALANCE,NATGASCM,TOTEXTSB,3Q2022,21050.64
NORWAY,BALANCE,NATGASCM,TOTEXTSB,SEP2021,8744.363
NORWAY,BALANCE,NATGASCM,TOTEXTSB,YTD2021,80419.444
NORWAY,BALANCE,NATGASCM,TOTEXTSB,YTD2022,79392.033
NZ,BALANCE,NATGASCM,GDINCTRO,2020,4461.0
NZ,BALANCE,NATGASCM,GDINCTRO,2021,3814.0
NZ,BALANCE,NATGASCM,GDINCTRO,3Q2022,565.0
NZ,BALANCE,NATGASCM,GDINCTRO,SEP2021,313.0
NZ,BALANCE,NATGASCM,GDINCTRO,YTD2021,2867.0
NZ,BALANCE,NATGASCM,GDINCTRO,YTD2022,2531.0
NZ,BALANCE,NATGASCM,INDPROD,2020,4477.0
NZ,BALANCE,NATGASCM,INDPROD,2021,3916.0
NZ,BALANCE,NATGASCM,INDPROD,3Q2022,640.0
NZ,BALANCE,NATGASCM,INDPROD,SEP2021,310.0
NZ,BALANCE,NATGASCM,INDPROD,YTD2021,2901.0
NZ,BALANCE,NATGASCM,INDPROD,YTD2022,2541.0
NZ,BALANCE,NATGASCM,STCHANAT,2020,16.0
NZ,BALANCE,NATGASCM,STCHANAT,2021,102.0
NZ,BALANCE,NATGASCM,STCHANAT,3Q2022,75.0
NZ,BALANCE,NATGASCM,STCHANAT,SEP2021,-3.0
NZ,BALANCE,NATGASCM,STCHANAT,YTD2021,34.0
NZ,BALANCE,NATGASCM,STCHANAT,YTD2022,10.0
OECDAM,BALANCE,NATGASCM,GDINCTRO,2020,1049032.767
OECDAM,BALANCE,NATGASCM,GDINCTRO,2021,1058674.594
OECDAM,BALANCE,NATGASCM,GDINCTRO,3Q2022,173666.207
OECDAM,BALANCE,NATGASCM,GDINCTRO,SEP2021,73389.013
OECDAM,BALANCE,NATGASCM,GDINCTRO,YTD2021,781591.254
OECDAM,BALANCE,NATGASCM,GDINCTRO,YTD2022,738960.381
OECDAM,BALANCE,NATGASCM,INDPROD,2020,1172033.509
OECDAM,BALANCE,NATGASCM,INDPROD,2021,1207857.203
OECDAM,BALANCE,NATGASCM,INDPROD,3Q2022,214980.634
OECDAM,BALANCE,NATGASCM,INDPROD,SEP2021,99473.566
OECDAM,BALANCE,NATGASCM,INDPROD,YTD2021,893998.209
OECDAM,BALANCE,NATGASCM,INDPROD,YTD2022,829943.603
OECDAM,BALANCE,NATGASCM,STCHANAT,2020,7505.792
OECDAM,BALANCE,NATGASCM,STCHANAT,2021,-6504.319
OECDAM,BALANCE,NATGASCM,STCHANAT,3Q2022,16181.454
OECDAM,BALANCE,NATGASCM,STCHANAT,SEP2021,13452.266
OECDAM,BALANCE,NATGASCM,STCHANAT,YTD2021,-688.99
OECDAM,BALANCE,NATGASCM,STCHANAT,YTD2022,-14614.973
OECDAM,BALANCE,NATGASCM,TOTENTSB,2020,109586.962
OECDAM,BALANCE,NATGASCM,TOTENTSB,2021,117559.79
OECDAM,BALANCE,NATGASCM,TOTENTSB,3Q2022,19645.856
OECDAM,BALANCE,NATGASCM,TOTENTSB,SEP2021,9163.132
OECDAM,BALANCE,NATGASCM,TOTENTSB,YTD2021,87309.31
OECDAM,BALANCE,NATGASCM,TOTENTSB,YTD2022,80418.725
OECDAM,BALANCE,NATGASCM,TOTEXTSB,2020,220582.912
OECDAM,BALANCE,NATGASCM,TOTEXTSB,2021,267948.218
OECDAM,BALANCE,NATGASCM,TOTEXTSB,3Q2022,45148.629
OECDAM,BALANCE,NATGASCM,TOTEXTSB,SEP2021,21423.419
OECDAM,BALANCE,NATGASCM,TOTEXTSB,YTD2021,198420.455
OECDAM,BALANCE,NATGASCM,TOTEXTSB,YTD2022,189156.82
OECDAO,BALANCE,NATGASCM,GDINCTRO,2020,235609.519
OECDAO,BALANCE,NATGASCM,GDINCTRO,2021,224229.785
OECDAO,BALANCE,NATGASCM,GDINCTRO,3Q2022,48346.456
OECDAO,BALANCE,NATGASCM,GDINCTRO,SEP2021,16275.385
OECDAO,BALANCE,NATGASCM,GDINCTRO,SEP2022,11075.75
OECDAO,BALANCE,NATGASCM,GDINCTRO,YTD2021,167640.036
OECDAO,BALANCE,NATGASCM,GDINCTRO,YTD2022,163842.038
OECDAO,BALANCE,NATGASCM,INDPROD,2020,174305.606
OECDAO,BALANCE,NATGASCM,INDPROD,2021,180391.401
OECDAO,BALANCE,NATGASCM,INDPROD,3Q2022,31821.704
OECDAO,BALANCE,NATGASCM,INDPROD,SEP2021,15545.199
OECDAO,BALANCE,NATGASCM,INDPROD,SEP2022,319.466
OECDAO,BALANCE,NATGASCM,INDPROD,YTD2021,134120.327
OECDAO,BALANCE,NATGASCM,INDPROD,YTD2022,123863.979
OECDAO,BALANCE,NATGASCM,STCHANAT,2020,-789.937
OECDAO,BALANCE,NATGASCM,STCHANAT,2021,2744.727
OECDAO,BALANCE,NATGASCM,STCHANAT,3Q2022,1709.136
OECDAO,BALANCE,NATGASCM,STCHANAT,SEP2021,1544.249
OECDAO,BALANCE,NATGASCM,STCHANAT,SEP2022,-615.665
OECDAO,BALANCE,NATGASCM,STCHANAT,YTD2021,4281.254
OECDAO,BALANCE,NATGASCM,STCHANAT,YTD2022,103.489
OECDAO,BALANCE,NATGASCM,TOTENTSB,2020,168121.568
OECDAO,BALANCE,NATGASCM,TOTENTSB,2021,165944.419
OECDAO,BALANCE,NATGASCM,TOTENTSB,3Q2022,38225.887
OECDAO,BALANCE,NATGASCM,TOTENTSB,SEP2021,12569.553
OECDAO,BALANCE,NATGASCM,TOTENTSB,SEP2022,11984.618
OECDAO,BALANCE,NATGASCM,TOTENTSB,YTD2021,125928.186
OECDAO,BALANCE,NATGASCM,TOTENTSB,YTD2022,119925.075
OECDAO,BALANCE,NATGASCM,TOTEXTSB,2020,106022.0
OECDAO,BALANCE,NATGASCM,TOTEXTSB,2021,112839.0
OECDAO,BALANCE,NATGASCM,TOTEXTSB,3Q2022,17696.0
OECDAO,BALANCE,NATGASCM,TOTEXTSB,SEP2021,9712.0
OECDAO,BALANCE,NATGASCM,TOTEXTSB,YTD2021,83274.0
OECDAO,BALANCE,NATGASCM,TOTEXTSB,YTD2022,74734.0
OECDEUR,BALANCE,NATGASCM,GDINCTRO,2020,507042.569
OECDEUR,BALANCE,NATGASCM,GDINCTRO,2021,537519.377
OECDEUR,BALANCE,NATGASCM,GDINCTRO,3Q2022,60126.953
OECDEUR,BALANCE,NATGASCM,GDINCTRO,SEP2021,30494.19
OECDEUR,BALANCE,NATGASCM,GDINCTRO,SEP2022,7257.284
OECDEUR,BALANCE,NATGASCM,GDINCTRO,YTD2021,381170.624
OECDEUR,BALANCE,NATGASCM,GDINCTRO,YTD2022,325146.52
OECDEUR,BALANCE,NATGASCM,INDPROD,2020,202093.197
OECDEUR,BALANCE,NATGASCM,INDPROD,2021,193860.389
OECDEUR,BALANCE,NATGASCM,INDPROD,3Q2022,34322.371
OECDEUR,BALANCE,NATGASCM,INDPROD,SEP2021,15090.858
OECDEUR,BALANCE,NATGASCM,INDPROD,SEP2022,259.789
OECDEUR,BALANCE,NATGASCM,INDPROD,YTD2021,141131.767
OECDEUR,BALANCE,NATGASCM,INDPROD,YTD2022,136266.163
OECDEUR,BALANCE,NATGASCM,STCHANAT,2020,-13013.971
OECDEUR,BALANCE,NATGASCM,STCHANAT,2021,-23435.712
OECDEUR,BALANCE,NATGASCM,STCHANAT,3Q2022,26452.802
OECDEUR,BALANCE,NATGASCM,STCHANAT,SEP2021,8074.892
OECDEUR,BALANCE,NATGASCM,STCHANAT,SEP2022,2118.535
OECDEUR,BALANCE,NATGASCM,STCHANAT,YTD2021,-500.73
OECDEUR,BALANCE,NATGASCM,STCHANAT,YTD2022,32950.299
OECDEUR,BALANCE,NATGASCM,TOTENTSB,2020,733135.84
OECDEUR,BALANCE,NATGASCM,TOTENTSB,2021,737248.147
OECDEUR,BALANCE,NATGASCM,TOTENTSB,3Q2022,124695.149
OECDEUR,BALANCE,NATGASCM,TOTENTSB,SEP2021,56458.935
OECDEUR,BALANCE,NATGASCM,TOTENTSB,SEP2022,16427.089
OECDEUR,BALANCE,NATGASCM,TOTENTSB,YTD2021,552476.767
OECDEUR,BALANCE,NATGASCM,TOTENTSB,YTD2022,503923.78
OECDEUR,BALANCE,NATGASCM,TOTEXTSB,2020,441722.373
OECDEUR,BALANCE,NATGASCM,TOTEXTSB,2021,413723.023
OECDEUR,BALANCE,NATGASCM,TOTEXTSB,3Q2022,71936.012
OECDEUR,BALANCE,NATGASCM,TOTEXTSB,SEP2021,32971.325
OECDEUR,BALANCE,NATGASCM,TOTEXTSB,SEP2022,7231.541
OECDEUR,BALANCE,NATGASCM,TOTEXTSB,YTD2021,310610.667
OECDEUR,BALANCE,NATGASCM,TOTEXTSB,YTD2022,279177.005
OECDTOT,BALANCE,NATGASCM,GDINCTRO,2020,1791684.855
OECDTOT,BALANCE,NATGASCM,GDINCTRO,2021,1820423.756
OECDTOT,BALANCE,NATGASCM,GDINCTRO,3Q2022,282139.616
OECDTOT,BALANCE,NATGASCM,GDINCTRO,SEP2021,120158.588
OECDTOT,BALANCE,NATGASCM,GDINCTRO,SEP2022,18333.034
OECDTOT,BALANCE,NATGASCM,GDINCTRO,YTD2021,1330401.914
OECDTOT,BALANCE,NATGASCM,GDINCTRO,YTD2022,1227948.939
OECDTOT,BALANCE,NATGASCM,INDPROD,2020,1548432.312
OECDTOT,BALANCE,NATGASCM,INDPROD,2021,1582108.993
OECDTOT,BALANCE,NATGASCM,INDPROD,3Q2022,281124.709
OECDTOT,BALANCE,NATGASCM,INDPROD,SEP2021,130109.623
OECDTOT,BALANCE,NATGASCM,INDPROD,SEP2022,579.255
OECDTOT,BALANCE,NATGASCM,INDPROD,YTD2021,1169250.303
OECDTOT,BALANCE,NATGASCM,INDPROD,YTD2022,1090073.745
OECDTOT,BALANCE,NATGASCM,STCHANAT,2020,-6298.116
OECDTOT,BALANCE,NATGASCM,STCHANAT,2021,-27195.304
OECDTOT,BALANCE,NATGASCM,STCHANAT,3Q2022,44343.392
OECDTOT,BALANCE,NATGASCM,STCHANAT,SEP2021,23071.407
OECDTOT,BALANCE,NATGASCM,STCHANAT,SEP2022,1502.87
OECDTOT,BALANCE,NATGASCM,STCHANAT,YTD2021,3091.534
OECDTOT,BALANCE,NATGASCM,STCHANAT,YTD2022,18438.815
OECDTOT,BALANCE,NATGASCM,TOTENTSB,2020,1010844.37
OECDTOT,BALANCE,NATGASCM,TOTENTSB,2021,1020752.356
OECDTOT,BALANCE,NATGASCM,TOTENTSB,3Q2022,182566.892
OECDTOT,BALANCE,NATGASCM,TOTENTSB,SEP2021,78191.62
OECDTOT,BALANCE,NATGASCM,TOTENTSB,SEP2022,28411.707
OECDTOT,BALANCE,NATGASCM,TOTENTSB,YTD2021,765714.263
OECDTOT,BALANCE,NATGASCM,TOTENTSB,YTD2022,704267.58
OECDTOT,BALANCE,NATGASCM,TOTEXTSB,2020,768327.285
OECDTOT,BALANCE,NATGASCM,TOTEXTSB,2021,794510.241
OECDTOT,BALANCE,NATGASCM,TOTEXTSB,3Q2022,134780.641
OECDTOT,BALANCE,NATGASCM,TOTEXTSB,SEP2021,64106.744
OECDTOT,BALANCE,NATGASCM,TOTEXTSB,SEP2022,7231.541
OECDTOT,BALANCE,NATGASCM,TOTEXTSB,YTD2021,592305.122
OECDTOT,BALANCE,NATGASCM,TOTEXTSB,YTD2022,543067.825
POLAND,BALANCE,NATGASCM,GDINCTRO,2020,21992.73
POLAND,BALANCE,NATGASCM,GDINCTRO,2021,23416.605
POLAND,BALANCE,NATGASCM,GDINCTRO,3Q2022,2092.073
POLAND,BALANCE,NATGASCM,GDINCTRO,SEP2021,1432.14
POLAND,BALANCE,NATGASCM,GDINCTRO,YTD2021,16825.864
POLAND,BALANCE,NATGASCM,GDINCTRO,YTD2022,12908.01
POLAND,BALANCE,NATGASCM,INDPROD,2020,5592.88
POLAND,BALANCE,NATGASCM,INDPROD,2021,5562.928
POLAND,BALANCE,NATGASCM,INDPROD,3Q2022,919.666
POLAND,BALANCE,NATGASCM,INDPROD,SEP2021,416.906
POLAND,BALANCE,NATGASCM,INDPROD,YTD2021,4100.278
POLAND,BALANCE,NATGASCM,INDPROD,YTD2022,3647.584
POLAND,BALANCE,NATGASCM,STCHANAT,2020,-492.985
POLAND,BALANCE,NATGASCM,STCHANAT,2021,418.57
POLAND,BALANCE,NATGASCM,STCHANAT,3Q2022,496.886
POLAND,BALANCE,NATGASCM,STCHANAT,SEP2021,251.684
POLAND,BALANCE,NATGASCM,STCHANAT,YTD2021,902.369
POLAND,BALANCE,NATGASCM,STCHANAT,YTD2022,891.401
POLAND,BALANCE,NATGASCM,TOTENTSB,2020,41038.4
POLAND,BALANCE,NATGASCM,TOTENTSB,2021,39359.719
POLAND,BALANCE,NATGASCM,TOTENTSB,3Q2022,1817.597
POLAND,BALANCE,NATGASCM,TOTENTSB,SEP2021,3281.539
POLAND,BALANCE,NATGASCM,TOTENTSB,YTD2021,33274.079
POLAND,BALANCE,NATGASCM,TOTENTSB,YTD2022,10654.145
POLAND,BALANCE,NATGASCM,TOTEXTSB,2020,25131.535
POLAND,BALANCE,NATGASCM,TOTEXTSB,2021,21087.472
POLAND,BALANCE,NATGASCM,TOTEXTSB,3Q2022,148.304
POLAND,BALANCE,NATGASCM,TOTEXTSB,SEP2021,2014.621
POLAND,BALANCE,NATGASCM,TOTEXTSB,YTD2021,19646.124
POLAND,BALANCE,NATGASCM,TOTEXTSB,YTD2022,502.318
PORTUGAL,BALANCE,NATGASCM,GDINCTRO,2020,5986.568
PORTUGAL,BALANCE,NATGASCM,GDINCTRO,2021,5762.376
PORTUGAL,BALANCE,NATGASCM,GDINCTRO,3Q2022,982.72
PORTUGAL,BALANCE,NATGASCM,GDINCTRO,SEP2021,523.579
PORTUGAL,BALANCE,NATGASCM,GDINCTRO,YTD2021,4296.759
PORTUGAL,BALANCE,NATGASCM,GDINCTRO,YTD2022,3733.855
PORTUGAL,BALANCE,NATGASCM,STCHANAT,2020,-42.962
PORTUGAL,BALANCE,NATGASCM,STCHANAT,2021,4.512
PORTUGAL,BALANCE,NATGASCM,STCHANAT,3Q2022,11.052
PORTUGAL,BALANCE,NATGASCM,STCHANAT,SEP2021,-160.306
PORTUGAL,BALANCE,NATGASCM,STCHANAT,YTD2021,-119.084
PORTUGAL,BALANCE,NATGASCM,STCHANAT,YTD2022,165.754
PORTUGAL,BALANCE,NATGASCM,TOTENTSB,2020,6060.931
PORTUGAL,BALANCE,NATGASCM,TOTENTSB,2021,5874.846
PORTUGAL,BALANCE,NATGASCM,TOTENTSB,3Q2022,1016.687
PORTUGAL,BALANCE,NATGASCM,TOTENTSB,SEP2021,407.364
PORTUGAL,BALANCE,NATGASCM,TOTENTSB,YTD2021,4269.247
PORTUGAL,BALANCE,NATGASCM,TOTENTSB,YTD2022,4256.153
PORTUGAL,BALANCE,NATGASCM,TOTEXTSB,2020,159.921
PORTUGAL,BALANCE,NATGASCM,TOTEXTSB,2021,195.092
PORTUGAL,BALANCE,NATGASCM,TOTEXTSB,3Q2022,23.558
PORTUGAL,BALANCE,NATGASCM,TOTEXTSB,SEP2021,46.928
PORTUGAL,BALANCE,NATGASCM,TOTEXTSB,YTD2021,175.864
PORTUGAL,BALANCE,NATGASCM,TOTEXTSB,YTD2022,280.76
SLOVAKIA,BALANCE,NATGASCM,GDINCTRO,2020,4876.883
SLOVAKIA,BALANCE,NATGASCM,GDINCTRO,2021,5462.606
SLOVAKIA,BALANCE,NATGASCM,GDINCTRO,3Q2022,590.087
SLOVAKIA,BALANCE,NATGASCM,GDINCTRO,SEP2021,164.871
SLOVAKIA,BALANCE,NATGASCM,GDINCTRO,YTD2021,3841.427
SLOVAKIA,BALANCE,NATGASCM,GDINCTRO,YTD2022,3527.116
SLOVAKIA,BALANCE,NATGASCM,INDPROD,2020,65.869
SLOVAKIA,BALANCE,NATGASCM,INDPROD,2021,65.333
SLOVAKIA,BALANCE,NATGASCM,INDPROD,3Q2022,9.844
SLOVAKIA,BALANCE,NATGASCM,INDPROD,SEP2021,5.16
SLOVAKIA,BALANCE,NATGASCM,INDPROD,YTD2021,49.153
SLOVAKIA,BALANCE,NATGASCM,INDPROD,YTD2022,39.815
SLOVAKIA,BALANCE,NATGASCM,STCHANAT,2020,-509.694
SLOVAKIA,BALANCE,NATGASCM,STCHANAT,2021,-1645.832
SLOVAKIA,BALANCE,NATGASCM,STCHANAT,3Q2022,498.784
SLOVAKIA,BALANCE,NATGASCM,STCHANAT,SEP2021,237.783
SLOVAKIA,BALANCE,NATGASCM,STCHANAT,YTD2021,-753.283
SLOVAKIA,BALANCE,NATGASCM,STCHANAT,YTD2022,852.105
SLOVAKIA,BALANCE,NATGASCM,TOTENTSB,2020,50688.435
SLOVAKIA,BALANCE,NATGASCM,TOTENTSB,2021,40361.571
SLOVAKIA,BALANCE,NATGASCM,TOTENTSB,3Q2022,3734.324
SLOVAKIA,BALANCE,NATGASCM,TOTENTSB,SEP2021,3512.403
SLOVAKIA,BALANCE,NATGASCM,TOTENTSB,YTD2021,30371.827
SLOVAKIA,BALANCE,NATGASCM,TOTENTSB,YTD2022,19571.08
SLOVAKIA,BALANCE,NATGASCM,TOTEXTSB,2020,46387.115
SLOVAKIA,BALANCE,NATGASCM,TOTEXTSB,2021,36610.129
SLOVAKIA,BALANCE,NATGASCM,TOTEXTSB,3Q2022,2655.297
SLOVAKIA,BALANCE,NATGASCM,TOTEXTSB,SEP2021,3114.908
SLOVAKIA,BALANCE,NATGASCM,TOTEXTSB,YTD2021,27332.835
SLOVAKIA,BALANCE,NATGASCM,TOTEXTSB,YTD2022,15231.674
SLOVENIA,BALANCE,NATGASCM,GDINCTRO,2020,905.434
SLOVENIA,BALANCE,NATGASCM,GDINCTRO,2021,951.567
SLOVENIA,BALANCE,NATGASCM,GDINCTRO,3Q2022,87.707
SLOVENIA,BALANCE,NATGASCM,GDINCTRO,SEP2021,52.308
SLOVENIA,BALANCE,NATGASCM,GDINCTRO,YTD2021,665.746
SLOVENIA,BALANCE,NATGASCM,GDINCTRO,YTD2022,565.602
SLOVENIA,BALANCE,NATGASCM,INDPROD,2020,5.334
SLOVENIA,BALANCE,NATGASCM,INDPROD,2021,5.067
SLOVENIA,BALANCE,NATGASCM,INDPROD,3Q2022,0.307
SLOVENIA,BALANCE,NATGASCM,INDPROD,SEP2021,0.408
SLOVENIA,BALANCE,NATGASCM,INDPROD,YTD2021,3.646
SLOVENIA,BALANCE,NATGASCM,INDPROD,YTD2022,2.902
SLOVENIA,BALANCE,NATGASCM,TOTENTSB,2020,1565.1
SLOVENIA,BALANCE,NATGASCM,TOTENTSB,2021,1116.7
SLOVENIA,BALANCE,NATGASCM,TOTENTSB,3Q2022,228.7
SLOVENIA,BALANCE,NATGASCM,TOTENTSB,SEP2021,69.9
SLOVENIA,BALANCE,NATGASCM,TOTENTSB,YTD2021,794.4
SLOVENIA,BALANCE,NATGASCM,TOTENTSB,YTD2022,852.2
SLOVENIA,BALANCE,NATGASCM,TOTEXTSB,2020,665.0
SLOVENIA,BALANCE,NATGASCM,TOTEXTSB,2021,170.2
SLOVENIA,BALANCE,NATGASCM,TOTEXTSB,3Q2022,141.3
SLOVENIA,BALANCE,NATGASCM,TOTEXTSB,SEP2021,18.0
SLOVENIA,BALANCE,NATGASCM,TOTEXTSB,YTD2021,132.3
SLOVENIA,BALANCE,NATGASCM,TOTEXTSB,YTD2022,289.5
SPAIN,BALANCE,NATGASCM,GDINCTRO,2020,31738.0
SPAIN,BALANCE,NATGASCM,GDINCTRO,2021,33581.511
SPAIN,BALANCE,NATGASCM,GDINCTRO,3Q2022,5301.216
SPAIN,BALANCE,NATGASCM,GDINCTRO,SEP2021,2686.329
SPAIN,BALANCE,NATGASCM,GDINCTRO,YTD2021,24002.237
SPAIN,BALANCE,NATGASCM,GDINCTRO,YTD2022,22354.481
SPAIN,BALANCE,NATGASCM,INDPROD,2020,58.207
SPAIN,BALANCE,NATGASCM,INDPROD,2021,48.037
SPAIN,BALANCE,NATGASCM,INDPROD,3Q2022,5.697
SPAIN,BALANCE,NATGASCM,INDPROD,SEP2021,3.945
SPAIN,BALANCE,NATGASCM,INDPROD,YTD2021,37.484
SPAIN,BALANCE,NATGASCM,INDPROD,YTD2022,26.251
SPAIN,BALANCE,NATGASCM,STCHANAT,2020,-763.0
SPAIN,BALANCE,NATGASCM,STCHANAT,2021,64.45
SPAIN,BALANCE,NATGASCM,STCHANAT,3Q2022,321.01
SPAIN,BALANCE,NATGASCM,STCHANAT,SEP2021,162.916
SPAIN,BALANCE,NATGASCM,STCHANAT,YTD2021,0.054
SPAIN,BALANCE,NATGASCM,STCHANAT,YTD2022,635.464
SPAIN,BALANCE,NATGASCM,TOTENTSB,2020,32489.0
SPAIN,BALANCE,NATGASCM,TOTENTSB,2021,36969.174
SPAIN,BALANCE,NATGASCM,TOTENTSB,3Q2022,6640.83
SPAIN,BALANCE,NATGASCM,TOTENTSB,SEP2021,3130.057
SPAIN,BALANCE,NATGASCM,TOTENTSB,YTD2021,26663.64
SPAIN,BALANCE,NATGASCM,TOTENTSB,YTD2022,26792.855
SPAIN,BALANCE,NATGASCM,TOTEXTSB,2020,1189.274
SPAIN,BALANCE,NATGASCM,TOTEXTSB,2021,3018.237
SPAIN,BALANCE,NATGASCM,TOTEXTSB,3Q2022,1006.132
SPAIN,BALANCE,NATGASCM,TOTEXTSB,SEP2021,355.329
SPAIN,BALANCE,NATGASCM,TOTEXTSB,YTD2021,2466.08
SPAIN,BALANCE,NATGASCM,TOTEXTSB,YTD2022,3627.24
SWEDEN,BALANCE,NATGASCM,GDINCTRO,2020,1101.0
SWEDEN,BALANCE,NATGASCM,GDINCTRO,2021,1272.084
SWEDEN,BALANCE,NATGASCM,GDINCTRO,3Q2022,194.847
SWEDEN,BALANCE,NATGASCM,GDINCTRO,SEP2021,80.715
SWEDEN,BALANCE,NATGASCM,GDINCTRO,SEP2022,58.783
SWEDEN,BALANCE,NATGASCM,GDINCTRO,YTD2021,947.33
SWEDEN,BALANCE,NATGASCM,GDINCTRO,YTD2022,734.672
SWEDEN,BALANCE,NATGASCM,STCHANAT,3Q2022,0.045
SWEDEN,BALANCE,NATGASCM,STCHANAT,SEP2022,0.04
SWEDEN,BALANCE,NATGASCM,STCHANAT,YTD2022,30.733
SWEDEN,BALANCE,NATGASCM,TOTENTSB,2020,1122.0
SWEDEN,BALANCE,NATGASCM,TOTENTSB,2021,1344.077
SWEDEN,BALANCE,NATGASCM,TOTENTSB,3Q2022,206.735
SWEDEN,BALANCE,NATGASCM,TOTENTSB,SEP2021,80.536
SWEDEN,BALANCE,NATGASCM,TOTENTSB,SEP2022,63.037
SWEDEN,BALANCE,NATGASCM,TOTENTSB,YTD2021,991.791
SWEDEN,BALANCE,NATGASCM,TOTENTSB,YTD2022,790.173
SWEDEN,BALANCE,NATGASCM,TOTEXTSB,2020,14.0
SWEDEN,BALANCE,NATGASCM,TOTEXTSB,2021,49.27
SWEDEN,BALANCE,NATGASCM,TOTEXTSB,3Q2022,1.085
SWEDEN,BALANCE,NATGASCM,TOTEXTSB,SEP2021,5.176
SWEDEN,BALANCE,NATGASCM,TOTEXTSB,SEP2022,0.42
SWEDEN,BALANCE,NATGASCM,TOTEXTSB,YTD2021,35.856
SWEDEN,BALANCE,NATGASCM,TOTEXTSB,YTD2022,11.663
SWITLAND,BALANCE,NATGASCM,GDINCTRO,2020,3393.854
SWITLAND,BALANCE,NATGASCM,GDINCTRO,2021,3551.435
SWITLAND,BALANCE,NATGASCM,GDINCTRO,3Q2022,348.165
SWITLAND,BALANCE,NATGASCM,GDINCTRO,SEP2021,151.715
SWITLAND,BALANCE,NATGASCM,GDINCTRO,SEP2022,156.242
SWITLAND,BALANCE,NATGASCM,GDINCTRO,YTD2021,2317.445
SWITLAND,BALANCE,NATGASCM,GDINCTRO,YTD2022,2222.249
SWITLAND,BALANCE,NATGASCM,INDPROD,2020,37.99
SWITLAND,BALANCE,NATGASCM,INDPROD,2021,39.285
SWITLAND,BALANCE,NATGASCM,INDPROD,3Q2022,10.476
SWITLAND,BALANCE,NATGASCM,INDPROD,SEP2021,3.206
SWITLAND,BALANCE,NATGASCM,INDPROD,SEP2022,3.564
SWITLAND,BALANCE,NATGASCM,INDPROD,YTD2021,28.405
SWITLAND,BALANCE,NATGASCM,INDPROD,YTD2022,33.189
SWITLAND,BALANCE,NATGASCM,TOTENTSB,2020,11835.093
SWITLAND,BALANCE,NATGASCM,TOTENTSB,2021,5449.894
SWITLAND,BALANCE,NATGASCM,TOTENTSB,3Q2022,3015.404
SWITLAND,BALANCE,NATGASCM,TOTENTSB,SEP2021,300.808
SWITLAND,BALANCE,NATGASCM,TOTENTSB,SEP2022,770.376
SWITLAND,BALANCE,NATGASCM,TOTENTSB,YTD2021,3688.086
SWITLAND,BALANCE,NATGASCM,TOTENTSB,YTD2022,8259.166
SWITLAND,BALANCE,NATGASCM,TOTEXTSB,2020,8470.777
SWITLAND,BALANCE,NATGASCM,TOTEXTSB,2021,1937.744
SWITLAND,BALANCE,NATGASCM,TOTEXTSB,3Q2022,2677.715
SWITLAND,BALANCE,NATGASCM,TOTEXTSB,SEP2021,152.299
SWITLAND,BALANCE,NATGASCM,TOTEXTSB,SEP2022,617.698
SWITLAND,BALANCE,NATGASCM,TOTEXTSB,YTD2021,1399.046
SWITLAND,BALANCE,NATGASCM,TOTEXTSB,YTD2022,6070.106
TURKIYE,BALANCE,NATGASCM,GDINCTRO,2020,48232.491
TURKIYE,BALANCE,NATGASCM,GDINCTRO,2021,59650.68
TURKIYE,BALANCE,NATGASCM,GDINCTRO,3Q2022,9404.39
TURKIYE,BALANCE,NATGASCM,GDINCTRO,SEP2021,4120.53
TURKIYE,BALANCE,NATGASCM,GDINCTRO,SEP2022,3129.76
TURKIYE,BALANCE,NATGASCM,GDINCTRO,YTD2021,42806.09
TURKIYE,BALANCE,NATGASCM,GDINCTRO,YTD2022,39328.94
TURKIYE,BALANCE,NATGASCM,INDPROD,2020,441.39
TURKIYE,BALANCE,NATGASCM,INDPROD,2021,393.61
TURKIYE,BALANCE,NATGASCM,INDPROD,3Q2022,88.39
TURKIYE,BALANCE,NATGASCM,INDPROD,SEP2021,31.61
TURKIYE,BALANCE,NATGASCM,INDPROD,SEP2022,30.1
TURKIYE,BALANCE,NATGASCM,INDPROD,YTD2021,298.53
TURKIYE,BALANCE,NATGASCM,INDPROD,YTD2022,269.65
TURKIYE,BALANCE,NATGASCM,STCHANAT,2020,-242.64
TURKIYE,BALANCE,NATGASCM,STCHANAT,2021,-937.43
TURKIYE,BALANCE,NATGASCM,STCHANAT,3Q2022,1172.02
TURKIYE,BALANCE,NATGASCM,STCHANAT,SEP2021,170.07
TURKIYE,BALANCE,NATGASCM,STCHANAT,SEP2022,183.53
TURKIYE,BALANCE,NATGASCM,STCHANAT,YTD2021,11.27
TURKIYE,BALANCE,NATGASCM,STCHANAT,YTD2022,1982.28
TURKIYE,BALANCE,NATGASCM,TOTENTSB,2020,48125.771
TURKIYE,BALANCE,NATGASCM,TOTENTSB,2021,58702.16
TURKIYE,BALANCE,NATGASCM,TOTENTSB,3Q2022,10665.69
TURKIYE,BALANCE,NATGASCM,TOTENTSB,SEP2021,4281.49
TURKIYE,BALANCE,NATGASCM,TOTENTSB,SEP2022,3401.37
TURKIYE,BALANCE,NATGASCM,TOTENTSB,YTD2021,42811.64
TURKIYE,BALANCE,NATGASCM,TOTENTSB,YTD2022,41491.88
TURKIYE,BALANCE,NATGASCM,TOTEXTSB,2020,577.31
TURKIYE,BALANCE,NATGASCM,TOTEXTSB,2021,382.52
TURKIYE,BALANCE,NATGASCM,TOTEXTSB,3Q2022,177.67
TURKIYE,BALANCE,NATGASCM,TOTEXTSB,SEP2021,22.5
TURKIYE,BALANCE,NATGASCM,TOTEXTSB,SEP2022,118.18
TURKIYE,BALANCE,NATGASCM,TOTEXTSB,YTD2021,292.81
TURKIYE,BALANCE,NATGASCM,TOTEXTSB,YTD2022,450.31
UK,BALANCE,NATGASCM,GDINCTRO,2020,73336.493
UK,BALANCE,NATGASCM,GDINCTRO,2021,76273.114
UK,BALANCE,NATGASCM,GDINCTRO,3Q2022,8173.675
UK,BALANCE,NATGASCM,GDINCTRO,SEP2021,4078.174
UK,BALANCE,NATGASCM,GDINCTRO,YTD2021,54940.539
UK,BALANCE,NATGASCM,GDINCTRO,YTD2022,46619.715
UK,BALANCE,NATGASCM,INDPROD,2020,39931.396
UK,BALANCE,NATGASCM,INDPROD,2021,33081.468
UK,BALANCE,NATGASCM,INDPROD,3Q2022,5904.892
UK,BALANCE,NATGASCM,INDPROD,SEP2021,2825.107
UK,BALANCE,NATGASCM,INDPROD,YTD2021,23291.063
UK,BALANCE,NATGASCM,INDPROD,YTD2022,25201.562
UK,BALANCE,NATGASCM,STCHANAT,2020,1000.473
UK,BALANCE,NATGASCM,STCHANAT,2021,1223.37
UK,BALANCE,NATGASCM,STCHANAT,3Q2022,49.889
UK,BALANCE,NATGASCM,STCHANAT,SEP2021,593.349
UK,BALANCE,NATGASCM,STCHANAT,YTD2021,1191.881
UK,BALANCE,NATGASCM,STCHANAT,YTD2022,159.089
UK,BALANCE,NATGASCM,TOTENTSB,2020,43925.149
UK,BALANCE,NATGASCM,TOTENTSB,2021,51070.296
UK,BALANCE,NATGASCM,TOTENTSB,3Q2022,7263.896
UK,BALANCE,NATGASCM,TOTENTSB,SEP2021,2468.569
UK,BALANCE,NATGASCM,TOTENTSB,YTD2021,36690.76
UK,BALANCE,NATGASCM,TOTENTSB,YTD2022,36955.479
UK,BALANCE,NATGASCM,TOTEXTSB,2020,9597.016
UK,BALANCE,NATGASCM,TOTEXTSB,2021,6815.478
UK,BALANCE,NATGASCM,TOTEXTSB,3Q2022,4960.793
UK,BALANCE,NATGASCM,TOTEXTSB,SEP2021,705.716
UK,BALANCE,NATGASCM,TOTEXTSB,YTD2021,3931.725
UK,BALANCE,NATGASCM,TOTEXTSB,YTD2022,15280.643
USA,BALANCE,NATGASCM,GDINCTRO,2020,864046.0
USA,BALANCE,NATGASCM,GDINCTRO,2021,868335.0
USA,BALANCE,NATGASCM,GDINCTRO,3Q2022,146228.0
USA,BALANCE,NATGASCM,GDINCTRO,SEP2021,60663.0
USA,BALANCE,NATGASCM,GDINCTRO,YTD2021,642842.0
USA,BALANCE,NATGASCM,GDINCTRO,YTD2022,611067.0
USA,BALANCE,NATGASCM,INDPROD,2020,950199.0
USA,BALANCE,NATGASCM,INDPROD,2021,979306.0
USA,BALANCE,NATGASCM,INDPROD,3Q2022,174134.0
USA,BALANCE,NATGASCM,INDPROD,SEP2021,80979.0
USA,BALANCE,NATGASCM,INDPROD,YTD2021,724849.0
USA,BALANCE,NATGASCM,INDPROD,YTD2022,668869.0
USA,BALANCE,NATGASCM,STCHANAT,2020,4325.0
USA,BALANCE,NATGASCM,STCHANAT,2021,-3709.0
USA,BALANCE,NATGASCM,STCHANAT,3Q2022,10876.0
USA,BALANCE,NATGASCM,STCHANAT,SEP2021,11007.0
USA,BALANCE,NATGASCM,STCHANAT,YTD2021,-991.0
USA,BALANCE,NATGASCM,STCHANAT,YTD2022,-14175.0
USA,BALANCE,NATGASCM,TOTENTSB,2020,72241.0
USA,BALANCE,NATGASCM,TOTENTSB,2021,79516.0
USA,BALANCE,NATGASCM,TOTENTSB,3Q2022,13956.0
USA,BALANCE,NATGASCM,TOTENTSB,SEP2021,6236.0
USA,BALANCE,NATGASCM,TOTENTSB,YTD2021,59035.0
USA,BALANCE,NATGASCM,TOTENTSB,YTD2022,56939.0
USA,BALANCE,NATGASCM,TOTEXTSB,2020,149640.0
USA,BALANCE,NATGASCM,TOTEXTSB,2021,188376.0
USA,BALANCE,NATGASCM,TOTEXTSB,3Q2022,31467.0
USA,BALANCE,NATGASCM,TOTEXTSB,SEP2021,15168.0
USA,BALANCE,NATGASCM,TOTEXTSB,YTD2021,139587.0
USA,BALANCE,NATGASCM,TOTEXTSB,YTD2022,131822.0
OECDAM,ENTRIES,NATGASCM,AUSTRALI,2020,147.0
OECDAM,ENTRIES,NATGASCM,AUSTRALI,2021,8.0
OECDAM,ENTRIES,NATGASCM,AUSTRALI,3Q2022,67.0
OECDAM,ENTRIES,NATGASCM,AUSTRALI,YTD2022,213.0
OECDAM,ENTRIES,NATGASCM,CANADA,2020,70799.0
OECDAM,ENTRIES,NATGASCM,CANADA,2021,78859.0
OECDAM,ENTRIES,NATGASCM,CANADA,3Q2022,13787.0
OECDAM,ENTRIES,NATGASCM,CANADA,SEP2021,6194.0
OECDAM,ENTRIES,NATGASCM,CANADA,YTD2021,58478.0
OECDAM,ENTRIES,NATGASCM,CANADA,YTD2022,56364.0
OECDAM,ENTRIES,NATGASCM,NIGERIA,2020,195.0
OECDAM,ENTRIES,NATGASCM,NIGERIA,3Q2022,2.0
OECDAM,ENTRIES,NATGASCM,NIGERIA,YTD2022,4.0
OECDAM,ENTRIES,NATGASCM,NORWAY,2020,86.0
OECDAM,ENTRIES,NATGASCM,OTHENT,2020,4560.306
OECDAM,ENTRIES,NATGASCM,OTHENT,2021,2678.146
OECDAM,ENTRIES,NATGASCM,OTHENT,3Q2022,1039.2
OECDAM,ENTRIES,NATGASCM,OTHENT,SEP2021,35.0
OECDAM,ENTRIES,NATGASCM,OTHENT,YTD2021,1851.995
OECDAM,ENTRIES,NATGASCM,OTHENT,YTD2022,3558.61
OECDAM,ENTRIES,NATGASCM,OTHOECD,2020,50.0
OECDAM,ENTRIES,NATGASCM,OTHOECD,2021,49.0
OECDAM,ENTRIES,NATGASCM,OTHOECD,3Q2022,11.0
OECDAM,ENTRIES,NATGASCM,OTHOECD,SEP2021,7.0
OECDAM,ENTRIES,NATGASCM,OTHOECD,YTD2021,44.0
OECDAM,ENTRIES,NATGASCM,OTHOECD,YTD2022,22.0
OECDAM,ENTRIES,NATGASCM,TOTENTST,2020,109586.962
OECDAM,ENTRIES,NATGASCM,TOTENTST,2021,117559.79
OECDAM,ENTRIES,NATGASCM,TOTENTST,3Q2022,19645.856
OECDAM,ENTRIES,NATGASCM,TOTENTST,SEP2021,9163.132
OECDAM,ENTRIES,NATGASCM,TOTENTST,YTD2021,87309.31
OECDAM,ENTRIES,NATGASCM,TOTENTST,YTD2022,80418.725
OECDAM,ENTRIES,NATGASCM,USA,2020,33749.656
OECDAM,ENTRIES,NATGASCM,USA,2021,35965.644
OECDAM,ENTRIES,NATGASCM,USA,3Q2022,4739.656
OECDAM,ENTRIES,NATGASCM,USA,SEP2021,2927.132
OECDAM,ENTRIES,NATGASCM,USA,YTD2021,26935.315
OECDAM,ENTRIES,NATGASCM,USA,YTD2022,20257.115
OECDAO,ENTRIES,NATGASCM,ALGERIA,2021,47.004
OECDAO,ENTRIES,NATGASCM,ALGERIA,3Q2022,84.0
OECDAO,ENTRIES,NATGASCM,ALGERIA,YTD2022,84.0
OECDAO,ENTRIES,NATGASCM,AUSTRALI,2020,52053.219
OECDAO,ENTRIES,NATGASCM,AUSTRALI,2021,48095.138
OECDAO,ENTRIES,NATGASCM,AUSTRALI,3Q2022,13520.331
OECDAO,ENTRIES,NATGASCM,AUSTRALI,SEP2021,4047.717
OECDAO,ENTRIES,NATGASCM,AUSTRALI,SEP2022,4390.908
OECDAO,ENTRIES,NATGASCM,AUSTRALI,YTD2021,35971.164
OECDAO,ENTRIES,NATGASCM,AUSTRALI,YTD2022,41760.959
OECDAO,ENTRIES,NATGASCM,BELGIUM,2020,165.0
OECDAO,ENTRIES,NATGASCM,BELGIUM,2021,525.0
OECDAO,ENTRIES,NATGASCM,BELGIUM,YTD2021,440.0
OECDAO,ENTRIES,NATGASCM,BELGIUM,YTD2022,346.0
OECDAO,ENTRIES,NATGASCM,FRANCE,2020,88.0
OECDAO,ENTRIES,NATGASCM,INDONESIA,2020,6844.815
OECDAO,ENTRIES,NATGASCM,INDONESIA,2021,5469.735
OECDAO,ENTRIES,NATGASCM,INDONESIA,3Q2022,1577.808
OECDAO,ENTRIES,NATGASCM,INDONESIA,SEP2021,245.208
OECDAO,ENTRIES,NATGASCM,INDONESIA,SEP2022,457.864
OECDAO,ENTRIES,NATGASCM,INDONESIA,YTD2021,3887.349
OECDAO,ENTRIES,NATGASCM,INDONESIA,YTD2022,5446.829
OECDAO,ENTRIES,NATGASCM,MALAYSIA,2020,21783.527
OECDAO,ENTRIES,NATGASCM,MALAYSIA,2021,18614.455
OECDAO,ENTRIES,NATGASCM,MALAYSIA,3Q2022,6029.708
OECDAO,ENTRIES,NATGASCM,MALAYSIA,SEP2021,1056.747
OECDAO,ENTRIES,NATGASCM,MALAYSIA,SEP2022,2106.243
OECDAO,ENTRIES,NATGASCM,MALAYSIA,YTD2021,14256.053
OECDAO,ENTRIES,NATGASCM,MALAYSIA,YTD2022,17274.433
OECDAO,ENTRIES,NATGASCM,NIGERIA,2020,2397.238
OECDAO,ENTRIES,NATGASCM,NIGERIA,2021,2061.071
OECDAO,ENTRIES,NATGASCM,NIGERIA,3Q2022,879.527
OECDAO,ENTRIES,NATGASCM,NIGERIA,SEP2022,79.593
OECDAO,ENTRIES,NATGASCM,NIGERIA,YTD2021,1480.504
OECDAO,ENTRIES,NATGASCM,NIGERIA,YTD2022,1601.193
OECDAO,ENTRIES,NATGASCM,NORWAY,2020,0.0
OECDAO,ENTRIES,NATGASCM,OMAN,2020,9031.537
OECDAO,ENTRIES,NATGASCM,OMAN,2021,8533.159
OECDAO,ENTRIES,NATGASCM,OMAN,3Q2022,2052.857
OECDAO,ENTRIES,NATGASCM,OMAN,SEP2021,566.328
OECDAO,ENTRIES,NATGASCM,OMAN,SEP2022,483.444
OECDAO,ENTRIES,NATGASCM,OMAN,YTD2021,6572.39
OECDAO,ENTRIES,NATGASCM,OMAN,YTD2022,7375.07
OECDAO,ENTRIES,NATGASCM,OTHENT,2020,24511.518
OECDAO,ENTRIES,NATGASCM,OTHENT,2021,22626.742
OECDAO,ENTRIES,NATGASCM,OTHENT,3Q2022,4134.092
OECDAO,ENTRIES,NATGASCM,OTHENT,SEP2021,1851.678
OECDAO,ENTRIES,NATGASCM,OTHENT,SEP2022,1300.484
OECDAO,ENTRIES,NATGASCM,OTHENT,YTD2021,17898.719
OECDAO,ENTRIES,NATGASCM,OTHENT,YTD2022,14436.254
OECDAO,ENTRIES,NATGASCM,OTHOECD,2020,0.0
OECDAO,ENTRIES,NATGASCM,OTHOECD,2021,15.0
OECDAO,ENTRIES,NATGASCM,QATAR,2020,24917.564
OECDAO,ENTRIES,NATGASCM,QATAR,2021,27223.099
OECDAO,ENTRIES,NATGASCM,QATAR,3Q2022,3859.992
OECDAO,ENTRIES,NATGASCM,QATAR,SEP2021,1971.308
OECDAO,ENTRIES,NATGASCM,QATAR,SEP2022,1231.891
OECDAO,ENTRIES,NATGASCM,QATAR,YTD2021,20487.549
OECDAO,ENTRIES,NATGASCM,QATAR,YTD2022,12521.609
OECDAO,ENTRIES,NATGASCM,RUSSIA,2020,11439.1
OECDAO,ENTRIES,NATGASCM,RUSSIA,2021,11920.613
OECDAO,ENTRIES,NATGASCM,RUSSIA,3Q2022,2286.41
OECDAO,ENTRIES,NATGASCM,RUSSIA,SEP2021,1380.309
OECDAO,ENTRIES,NATGASCM,RUSSIA,SEP2022,773.685
OECDAO,ENTRIES,NATGASCM,RUSSIA,YTD2021,8572.549
OECDAO,ENTRIES,NATGASCM,RUSSIA,YTD2022,8795.937
OECDAO,ENTRIES,NATGASCM,TOTENTST,2020,168121.568
OECDAO,ENTRIES,NATGASCM,TOTENTST,2021,165944.419
OECDAO,ENTRIES,NATGASCM,TOTENTST,3Q2022,38225.887
OECDAO,ENTRIES,NATGASCM,TOTENTST,SEP2021,12569.553
OECDAO,ENTRIES,NATGASCM,TOTENTST,SEP2022,11984.618
OECDAO,ENTRIES,NATGASCM,TOTENTST,YTD2021,125928.186
OECDAO,ENTRIES,NATGASCM,TOTENTST,YTD2022,119925.075
OECDAO,ENTRIES,NATGASCM,USA,2020,14890.05
OECDAO,ENTRIES,NATGASCM,USA,2021,20654.403
OECDAO,ENTRIES,NATGASCM,USA,3Q2022,3801.162
OECDAO,ENTRIES,NATGASCM,USA,SEP2021,1450.258
OECDAO,ENTRIES,NATGASCM,USA,SEP2022,1160.506
OECDAO,ENTRIES,NATGASCM,USA,YTD2021,16202.909
OECDAO,ENTRIES,NATGASCM,USA,YTD2022,10282.791
OECDEUR,ENTRIES,NATGASCM,ALGERIA,2020,22710.13
OECDEUR,ENTRIES,NATGASCM,ALGERIA,2021,27382.773
OECDEUR,ENTRIES,NATGASCM,ALGERIA,3Q2022,6922.54
OECDEUR,ENTRIES,NATGASCM,ALGERIA,SEP2021,2097.39
OECDEUR,ENTRIES,NATGASCM,ALGERIA,SEP2022,2084.917
OECDEUR,ENTRIES,NATGASCM,ALGERIA,YTD2021,19982.837
OECDEUR,ENTRIES,NATGASCM,ALGERIA,YTD2022,26368.788
OECDEUR,ENTRIES,NATGASCM,AUSTRALI,2021,74.904
OECDEUR,ENTRIES,NATGASCM,BELARUS,2020,36619.545
OECDEUR,ENTRIES,NATGASCM,BELARUS,2021,33429.17
OECDEUR,ENTRIES,NATGASCM,BELARUS,3Q2022,255.5
OECDEUR,ENTRIES,NATGASCM,BELARUS,SEP2021,2857.588
OECDEUR,ENTRIES,NATGASCM,BELARUS,YTD2021,28803.544
OECDEUR,ENTRIES,NATGASCM,BELARUS,YTD2022,4300.136
OECDEUR,ENTRIES,NATGASCM,BELGIUM,2020,20270.47
OECDEUR,ENTRIES,NATGASCM,BELGIUM,2021,19077.661
OECDEUR,ENTRIES,NATGASCM,BELGIUM,3Q2022,9041.643
OECDEUR,ENTRIES,NATGASCM,BELGIUM,SEP2021,1424.599
OECDEUR,ENTRIES,NATGASCM,BELGIUM,SEP2022,463.032
OECDEUR,ENTRIES,NATGASCM,BELGIUM,YTD2021,13909.086
OECDEUR,ENTRIES,NATGASCM,BELGIUM,YTD2022,27684.779
OECDEUR,ENTRIES,NATGASCM,BULGARIA,2020,2393.769
OECDEUR,ENTRIES,NATGASCM,BULGARIA,2021,2604.046
OECDEUR,ENTRIES,NATGASCM,BULGARIA,3Q2022,100.856
OECDEUR,ENTRIES,NATGASCM,BULGARIA,SEP2021,175.333
OECDEUR,ENTRIES,NATGASCM,BULGARIA,YTD2021,1963.496
OECDEUR,ENTRIES,NATGASCM,BULGARIA,YTD2022,738.935
OECDEUR,ENTRIES,NATGASCM,FRANCE,2020,10512.766
OECDEUR,ENTRIES,NATGASCM,FRANCE,2021,6867.119
OECDEUR,ENTRIES,NATGASCM,FRANCE,3Q2022,4421.407
OECDEUR,ENTRIES,NATGASCM,FRANCE,SEP2021,461.867
OECDEUR,ENTRIES,NATGASCM,FRANCE,SEP2022,1358.489
OECDEUR,ENTRIES,NATGASCM,FRANCE,YTD2021,4583.033
OECDEUR,ENTRIES,NATGASCM,FRANCE,YTD2022,11413.963
OECDEUR,ENTRIES,NATGASCM,GERMANY,2020,82556.273
OECDEUR,ENTRIES,NATGASCM,GERMANY,2021,77869.647
OECDEUR,ENTRIES,NATGASCM,GERMANY,3Q2022,9905.15
OECDEUR,ENTRIES,NATGASCM,GERMANY,SEP2021,6421.322
OECDEUR,ENTRIES,NATGASCM,GERMANY,SEP2022,1615.242
OECDEUR,ENTRIES,NATGASCM,GERMANY,YTD2021,60999.954
OECDEUR,ENTRIES,NATGASCM,GERMANY,YTD2022,46933.147
OECDEUR,ENTRIES,NATGASCM,INDONESIA,YTD2022,9.957
OECDEUR,ENTRIES,NATGASCM,NIGERIA,2020,17829.224
OECDEUR,ENTRIES,NATGASCM,NIGERIA,2021,15029.966
OECDEUR,ENTRIES,NATGASCM,NIGERIA,3Q2022,1967.861
OECDEUR,ENTRIES,NATGASCM,NIGERIA,SEP2021,932.464
OECDEUR,ENTRIES,NATGASCM,NIGERIA,YTD2021,12151.386
OECDEUR,ENTRIES,NATGASCM,NIGERIA,YTD2022,10368.012
OECDEUR,ENTRIES,NATGASCM,NORWAY,2020,111974.01
OECDEUR,ENTRIES,NATGASCM,NORWAY,2021,118595.72
OECDEUR,ENTRIES,NATGASCM,NORWAY,3Q2022,23743.817
OECDEUR,ENTRIES,NATGASCM,NORWAY,SEP2021,9430.973
OECDEUR,ENTRIES,NATGASCM,NORWAY,SEP2022,2498.231
OECDEUR,ENTRIES,NATGASCM,NORWAY,YTD2021,85458.452
OECDEUR,ENTRIES,NATGASCM,NORWAY,YTD2022,85403.304
OECDEUR,ENTRIES,NATGASCM,OMAN,2021,0.024
OECDEUR,ENTRIES,NATGASCM,OMAN,3Q2022,24.779
OECDEUR,ENTRIES,NATGASCM,OMAN,YTD2021,0.018
OECDEUR,ENTRIES,NATGASCM,OMAN,YTD2022,369.928
OECDEUR,ENTRIES,NATGASCM,OTHENT,2020,34188.24
OECDEUR,ENTRIES,NATGASCM,OTHENT,2021,39692.848
OECDEUR,ENTRIES,NATGASCM,OTHENT,3Q2022,10268.754
OECDEUR,ENTRIES,NATGASCM,OTHENT,SEP2021,3561.073
OECDEUR,ENTRIES,NATGASCM,OTHENT,SEP2022,1567.84
OECDEUR,ENTRIES,NATGASCM,OTHENT,YTD2021,27891.251
OECDEUR,ENTRIES,NATGASCM,OTHENT,YTD2022,35336.767
OECDEUR,ENTRIES,NATGASCM,OTHOECD,2020,65968.72
OECDEUR,ENTRIES,NATGASCM,OTHOECD,2021,75439.9
OECDEUR,ENTRIES,NATGASCM,OTHOECD,3Q2022,5948.012
OECDEUR,ENTRIES,NATGASCM,OTHOECD,SEP2021,6621.546
OECDEUR,ENTRIES,NATGASCM,OTHOECD,SEP2022,231.032
OECDEUR,ENTRIES,NATGASCM,OTHOECD,YTD2021,62017.156
OECDEUR,ENTRIES,NATGASCM,OTHOECD,YTD2022,31760.114
OECDEUR,ENTRIES,NATGASCM,QATAR,2020,29847.076
OECDEUR,ENTRIES,NATGASCM,QATAR,2021,22447.666
OECDEUR,ENTRIES,NATGASCM,QATAR,3Q2022,8561.227
OECDEUR,ENTRIES,NATGASCM,QATAR,SEP2021,1851.791
OECDEUR,ENTRIES,NATGASCM,QATAR,SEP2022,936.084
OECDEUR,ENTRIES,NATGASCM,QATAR,YTD2021,16254.038
OECDEUR,ENTRIES,NATGASCM,QATAR,YTD2022,22505.989
OECDEUR,ENTRIES,NATGASCM,RUSSIA,2020,93659.423
OECDEUR,ENTRIES,NATGASCM,RUSSIA,2021,104304.741
OECDEUR,ENTRIES,NATGASCM,RUSSIA,3Q2022,10191.461
OECDEUR,ENTRIES,NATGASCM,RUSSIA,SEP2021,7460.596
OECDEUR,ENTRIES,NATGASCM,RUSSIA,SEP2022,1827.657
OECDEUR,ENTRIES,NATGASCM,RUSSIA,YTD2021,78280.006
OECDEUR,ENTRIES,NATGASCM,RUSSIA,YTD2022,60673.22
OECDEUR,ENTRIES,NATGASCM,SLOVAKIA,2020,39472.335
OECDEUR,ENTRIES,NATGASCM,SLOVAKIA,2021,36453.746
OECDEUR,ENTRIES,NATGASCM,SLOVAKIA,3Q2022,3534.783
OECDEUR,ENTRIES,NATGASCM,SLOVAKIA,SEP2021,3081.43
OECDEUR,ENTRIES,NATGASCM,SLOVAKIA,SEP2022,891.648
OECDEUR,ENTRIES,NATGASCM,SLOVAKIA,YTD2021,27240.798
OECDEUR,ENTRIES,NATGASCM,SLOVAKIA,YTD2022,16002.653
OECDEUR,ENTRIES,NATGASCM,SWITLAND,2020,8600.0
OECDEUR,ENTRIES,NATGASCM,SWITLAND,2021,2197.315
OECDEUR,ENTRIES,NATGASCM,SWITLAND,3Q2022,2182.625
OECDEUR,ENTRIES,NATGASCM,SWITLAND,SEP2021,162.0
OECDEUR,ENTRIES,NATGASCM,SWITLAND,YTD2021,1310.034
OECDEUR,ENTRIES,NATGASCM,SWITLAND,YTD2022,6264.16
OECDEUR,ENTRIES,NATGASCM,TOTENTST,2020,733135.844
OECDEUR,ENTRIES,NATGASCM,TOTENTST,2021,737248.147
OECDEUR,ENTRIES,NATGASCM,TOTENTST,3Q2022,124695.149
OECDEUR,ENTRIES,NATGASCM,TOTENTST,SEP2021,56458.935
OECDEUR,ENTRIES,NATGASCM,TOTENTST,SEP2022,16427.089
OECDEUR,ENTRIES,NATGASCM,TOTENTST,YTD2021,552476.767
OECDEUR,ENTRIES,NATGASCM,TOTENTST,YTD2022,503923.78
OECDEUR,ENTRIES,NATGASCM,TUNISIA,2020,12026.0
OECDEUR,ENTRIES,NATGASCM,TUNISIA,2021,21169.0
OECDEUR,ENTRIES,NATGASCM,TUNISIA,3Q2022,3654.0
OECDEUR,ENTRIES,NATGASCM,TUNISIA,SEP2021,1146.0
OECDEUR,ENTRIES,NATGASCM,TUNISIA,YTD2021,15295.0
OECDEUR,ENTRIES,NATGASCM,TUNISIA,YTD2022,15182.3
OECDEUR,ENTRIES,NATGASCM,UK,2020,10018.819
OECDEUR,ENTRIES,NATGASCM,UK,2021,7662.281
OECDEUR,ENTRIES,NATGASCM,UK,3Q2022,7057.147
OECDEUR,ENTRIES,NATGASCM,UK,SEP2021,725.054
OECDEUR,ENTRIES,NATGASCM,UK,SEP2022,1998.7
OECDEUR,ENTRIES,NATGASCM,UK,YTD2021,4455.491
OECDEUR,ENTRIES,NATGASCM,UK,YTD2022,18067.932
OECDEUR,ENTRIES,NATGASCM,UKRAINE,2020,44177.309
OECDEUR,ENTRIES,NATGASCM,UKRAINE,2021,37559.414
OECDEUR,ENTRIES,NATGASCM,UKRAINE,3Q2022,2235.795
OECDEUR,ENTRIES,NATGASCM,UKRAINE,SEP2021,2648.842
OECDEUR,ENTRIES,NATGASCM,UKRAINE,YTD2021,28381.256
OECDEUR,ENTRIES,NATGASCM,UKRAINE,YTD2022,12801.386
OECDEUR,ENTRIES,NATGASCM,USA,2020,21844.703
OECDEUR,ENTRIES,NATGASCM,USA,2021,23077.955
OECDEUR,ENTRIES,NATGASCM,USA,3Q2022,6236.896
OECDEUR,ENTRIES,NATGASCM,USA,SEP2021,1209.187
OECDEUR,ENTRIES,NATGASCM,USA,SEP2022,217.0
OECDEUR,ENTRIES,NATGASCM,USA,YTD2021,14594.007
OECDEUR,ENTRIES,NATGASCM,USA,YTD2022,36319.259
OECDTOT,ENTRIES,NATGASCM,ALGERIA,2020,22710.13
OECDTOT,ENTRIES,NATGASCM,ALGERIA,2021,27429.777
OECDTOT,ENTRIES,NATGASCM,ALGERIA,3Q2022,7006.54
OECDTOT,ENTRIES,NATGASCM,ALGERIA,SEP2021,2097.39
OECDTOT,ENTRIES,NATGASCM,ALGERIA,SEP2022,2084.917
OECDTOT,ENTRIES,NATGASCM,ALGERIA,YTD2021,19982.837
OECDTOT,ENTRIES,NATGASCM,ALGERIA,YTD2022,26452.788
OECDTOT,ENTRIES,NATGASCM,AUSTRALI,2020,52200.219
OECDTOT,ENTRIES,NATGASCM,AUSTRALI,2021,48178.042
OECDTOT,ENTRIES,NATGASCM,AUSTRALI,3Q2022,13587.331
OECDTOT,ENTRIES,NATGASCM,AUSTRALI,SEP2021,4047.717
OECDTOT,ENTRIES,NATGASCM,AUSTRALI,SEP2022,4390.908
OECDTOT,ENTRIES,NATGASCM,AUSTRALI,YTD2021,35971.164
OECDTOT,ENTRIES,NATGASCM,AUSTRALI,YTD2022,41973.959
OECDTOT,ENTRIES,NATGASCM,BELARUS,2020,36619.545
OECDTOT,ENTRIES,NATGASCM,BELARUS,2021,33429.17
OECDTOT,ENTRIES,NATGASCM,BELARUS,3Q2022,255.5
OECDTOT,ENTRIES,NATGASCM,BELARUS,SEP2021,2857.588
OECDTOT,ENTRIES,NATGASCM,BELARUS,YTD2021,28803.544
OECDTOT,ENTRIES,NATGASCM,BELARUS,YTD2022,4300.136
OECDTOT,ENTRIES,NATGASCM,BELGIUM,2020,20435.47
OECDTOT,ENTRIES,NATGASCM,BELGIUM,2021,19602.661
OECDTOT,ENTRIES,NATGASCM,BELGIUM,3Q2022,9041.643
OECDTOT,ENTRIES,NATGASCM,BELGIUM,SEP2021,1424.599
OECDTOT,ENTRIES,NATGASCM,BELGIUM,SEP2022,463.032
OECDTOT,ENTRIES,NATGASCM,BELGIUM,YTD2021,14349.086
OECDTOT,ENTRIES,NATGASCM,BELGIUM,YTD2022,28030.779
OECDTOT,ENTRIES,NATGASCM,BULGARIA,2020,2393.769
OECDTOT,ENTRIES,NATGASCM,BULGARIA,2021,2604.046
OECDTOT,ENTRIES,NATGASCM,BULGARIA,3Q2022,100.856
OECDTOT,ENTRIES,NATGASCM,BULGARIA,SEP2021,175.333
OECDTOT,ENTRIES,NATGASCM,BULGARIA,YTD2021,1963.496
OECDTOT,ENTRIES,NATGASCM,BULGARIA,YTD2022,738.935
OECDTOT,ENTRIES,NATGASCM,CANADA,2020,70799.0
OECDTOT,ENTRIES,NATGASCM,CANADA,2021,78859.0
OECDTOT,ENTRIES,NATGASCM,CANADA,3Q2022,13787.0
OECDTOT,ENTRIES,NATGASCM,CANADA,SEP2021,6194.0
OECDTOT,ENTRIES,NATGASCM,CANADA,YTD2021,58478.0
OECDTOT,ENTRIES,NATGASCM,CANADA,YTD2022,56364.0
OECDTOT,ENTRIES,NATGASCM,FRANCE,2020,10600.766
OECDTOT,ENTRIES,NATGASCM,FRANCE,2021,6867.119
OECDTOT,ENTRIES,NATGASCM,FRANCE,3Q2022,4421.407
OECDTOT,ENTRIES,NATGASCM,FRANCE,SEP2021,461.867
OECDTOT,ENTRIES,NATGASCM,FRANCE,SEP2022,1358.489
OECDTOT,ENTRIES,NATGASCM,FRANCE,YTD2021,4583.033
OECDTOT,ENTRIES,NATGASCM,FRANCE,YTD2022,11413.963
OECDTOT,ENTRIES,NATGASCM,GERMANY,2020,82556.273
OECDTOT,ENTRIES,NATGASCM,GERMANY,2021,77869.647
OECDTOT,ENTRIES,NATGASCM,GERMANY,3Q2022,9905.15
OECDTOT,ENTRIES,NATGASCM,GERMANY,SEP2021,6421.322
OECDTOT,ENTRIES,NATGASCM,GERMANY,SEP2022,1615.242
OECDTOT,ENTRIES,NATGASCM,GERMANY,YTD2021,60999.954
OECDTOT,ENTRIES,NATGASCM,GERMANY,YTD2022,46933.147
OECDTOT,ENTRIES,NATGASCM,INDONESIA,2020,6844.815
OECDTOT,ENTRIES,NATGASCM,INDONESIA,2021,5469.735
OECDTOT,ENTRIES,NATGASCM,INDONESIA,3Q2022,1577.808
OECDTOT,ENTRIES,NATGASCM,INDONESIA,SEP2021,245.208
OECDTOT,ENTRIES,NATGASCM,INDONESIA,SEP2022,457.864
OECDTOT,ENTRIES,NATGASCM,INDONESIA,YTD2021,3887.349
OECDTOT,ENTRIES,NATGASCM,INDONESIA,YTD2022,5456.786
OECDTOT,ENTRIES,NATGASCM,MALAYSIA,2020,21783.527
OECDTOT,ENTRIES,NATGASCM,MALAYSIA,2021,18614.455
OECDTOT,ENTRIES,NATGASCM,MALAYSIA,3Q2022,6029.708
OECDTOT,ENTRIES,NATGASCM,MALAYSIA,SEP2021,1056.747
OECDTOT,ENTRIES,NATGASCM,MALAYSIA,SEP2022,2106.243
OECDTOT,ENTRIES,NATGASCM,MALAYSIA,YTD2021,14256.053
OECDTOT,ENTRIES,NATGASCM,MALAYSIA,YTD2022,17274.433
OECDTOT,ENTRIES,NATGASCM,NIGERIA,2020,20421.462
OECDTOT,ENTRIES,NATGASCM,NIGERIA,2021,17091.037
OECDTOT,ENTRIES,NATGASCM,NIGERIA,3Q2022,2849.388
OECDTOT,ENTRIES,NATGASCM,NIGERIA,SEP2021,932.464
OECDTOT,ENTRIES,NATGASCM,NIGERIA,SEP2022,79.593
OECDTOT,ENTRIES,NATGASCM,NIGERIA,YTD2021,13631.89
OECDTOT,ENTRIES,NATGASCM,NIGERIA,YTD2022,11973.205
OECDTOT,ENTRIES,NATGASCM,NORWAY,2020,112060.01
OECDTOT,ENTRIES,NATGASCM,NORWAY,2021,118595.72
OECDTOT,ENTRIES,NATGASCM,NORWAY,3Q2022,23743.817
OECDTOT,ENTRIES,NATGASCM,NORWAY,SEP2021,9430.973
OECDTOT,ENTRIES,NATGASCM,NORWAY,SEP2022,2498.231
OECDTOT,ENTRIES,NATGASCM,NORWAY,YTD2021,85458.452
OECDTOT,ENTRIES,NATGASCM,NORWAY,YTD2022,85403.304
OECDTOT,ENTRIES,NATGASCM,OMAN,2020,9031.537
OECDTOT,ENTRIES,NATGASCM,OMAN,2021,8533.183
OECDTOT,ENTRIES,NATGASCM,OMAN,3Q2022,2077.636
OECDTOT,ENTRIES,NATGASCM,OMAN,SEP2021,566.328
OECDTOT,ENTRIES,NATGASCM,OMAN,SEP2022,483.444
OECDTOT,ENTRIES,NATGASCM,OMAN,YTD2021,6572.408
OECDTOT,ENTRIES,NATGASCM,OMAN,YTD2022,7744.998
OECDTOT,ENTRIES,NATGASCM,OTHENT,2020,63260.064
OECDTOT,ENTRIES,NATGASCM,OTHENT,2021,64997.736
OECDTOT,ENTRIES,NATGASCM,OTHENT,3Q2022,15442.046
OECDTOT,ENTRIES,NATGASCM,OTHENT,SEP2021,5447.751
OECDTOT,ENTRIES,NATGASCM,OTHENT,SEP2022,2868.324
OECDTOT,ENTRIES,NATGASCM,OTHENT,YTD2021,47641.965
OECDTOT,ENTRIES,NATGASCM,OTHENT,YTD2022,53331.631
OECDTOT,ENTRIES,NATGASCM,OTHOECD,2020,66018.72
OECDTOT,ENTRIES,NATGASCM,OTHOECD,2021,75503.9
OECDTOT,ENTRIES,NATGASCM,OTHOECD,3Q2022,5959.012
OECDTOT,ENTRIES,NATGASCM,OTHOECD,SEP2021,6628.546
OECDTOT,ENTRIES,NATGASCM,OTHOECD,SEP2022,231.032
OECDTOT,ENTRIES,NATGASCM,OTHOECD,YTD2021,62061.156
OECDTOT,ENTRIES,NATGASCM,OTHOECD,YTD2022,31782.114
OECDTOT,ENTRIES,NATGASCM,QATAR,2020,54764.64
OECDTOT,ENTRIES,NATGASCM,QATAR,2021,49670.765
OECDTOT,ENTRIES,NATGASCM,QATAR,3Q2022,12421.219
OECDTOT,ENTRIES,NATGASCM,QATAR,SEP2021,3823.099
OECDTOT,ENTRIES,NATGASCM,QATAR,SEP2022,2167.975
OECDTOT,ENTRIES,NATGASCM,QATAR,YTD2021,36741.587
OECDTOT,ENTRIES,NATGASCM,QATAR,YTD2022,35027.598
OECDTOT,ENTRIES,NATGASCM,RUSSIA,2020,105098.523
OECDTOT,ENTRIES,NATGASCM,RUSSIA,2021,116225.354
OECDTOT,ENTRIES,NATGASCM,RUSSIA,3Q2022,12477.871
OECDTOT,ENTRIES,NATGASCM,RUSSIA,SEP2021,8840.905
OECDTOT,ENTRIES,NATGASCM,RUSSIA,SEP2022,2601.342
OECDTOT,ENTRIES,NATGASCM,RUSSIA,YTD2021,86852.555
OECDTOT,ENTRIES,NATGASCM,RUSSIA,YTD2022,69469.157
OECDTOT,ENTRIES,NATGASCM,SLOVAKIA,2020,39472.335
OECDTOT,ENTRIES,NATGASCM,SLOVAKIA,2021,36453.746
OECDTOT,ENTRIES,NATGASCM,SLOVAKIA,3Q2022,3534.783
OECDTOT,ENTRIES,NATGASCM,SLOVAKIA,SEP2021,3081.43
OECDTOT,ENTRIES,NATGASCM,SLOVAKIA,SEP2022,891.648
OECDTOT,ENTRIES,NATGASCM,SLOVAKIA,YTD2021,27240.798
OECDTOT,ENTRIES,NATGASCM,SLOVAKIA,YTD2022,16002.653
OECDTOT,ENTRIES,NATGASCM,SWITLAND,2020,8600.0
OECDTOT,ENTRIES,NATGASCM,SWITLAND,2021,2197.315
OECDTOT,ENTRIES,NATGASCM,SWITLAND,3Q2022,2182.625
OECDTOT,ENTRIES,NATGASCM,SWITLAND,SEP2021,162.0
OECDTOT,ENTRIES,NATGASCM,SWITLAND,YTD2021,1310.034
OECDTOT,ENTRIES,NATGASCM,SWITLAND,YTD2022,6264.16
OECDTOT,ENTRIES,NATGASCM,TOTENTST,2020,1010844.374
OECDTOT,ENTRIES,NATGASCM,TOTENTST,2021,1020752.356
OECDTOT,ENTRIES,NATGASCM,TOTENTST,3Q2022,182566.892
OECDTOT,ENTRIES,NATGASCM,TOTENTST,SEP2021,78191.62
OECDTOT,ENTRIES,NATGASCM,TOTENTST,SEP2022,28411.707
OECDTOT,ENTRIES,NATGASCM,TOTENTST,YTD2021,765714.263
OECDTOT,ENTRIES,NATGASCM,TOTENTST,YTD2022,704267.58
OECDTOT,ENTRIES,NATGASCM,TUNISIA,2020,12026.0
OECDTOT,ENTRIES,NATGASCM,TUNISIA,2021,21169.0
OECDTOT,ENTRIES,NATGASCM,TUNISIA,3Q2022,3654.0
OECDTOT,ENTRIES,NATGASCM,TUNISIA,SEP2021,1146.0
OECDTOT,ENTRIES,NATGASCM,TUNISIA,YTD2021,15295.0
OECDTOT,ENTRIES,NATGASCM,TUNISIA,YTD2022,15182.3
OECDTOT,ENTRIES,NATGASCM,UK,2020,10018.819
OECDTOT,ENTRIES,NATGASCM,UK,2021,7662.281
OECDTOT,ENTRIES,NATGASCM,UK,3Q2022,7057.147
OECDTOT,ENTRIES,NATGASCM,UK,SEP2021,725.054
OECDTOT,ENTRIES,NATGASCM,UK,SEP2022,1998.7
OECDTOT,ENTRIES,NATGASCM,UK,YTD2021,4455.491
OECDTOT,ENTRIES,NATGASCM,UK,YTD2022,18067.932
OECDTOT,ENTRIES,NATGASCM,UKRAINE,2020,44177.309
OECDTOT,ENTRIES,NATGASCM,UKRAINE,2021,37559.414
OECDTOT,ENTRIES,NATGASCM,UKRAINE,3Q2022,2235.795
OECDTOT,ENTRIES,NATGASCM,UKRAINE,SEP2021,2648.842
OECDTOT,ENTRIES,NATGASCM,UKRAINE,YTD2021,28381.256
OECDTOT,ENTRIES,NATGASCM,UKRAINE,YTD2022,12801.386
OECDTOT,ENTRIES,NATGASCM,USA,2020,70484.409
OECDTOT,ENTRIES,NATGASCM,USA,2021,79698.002
OECDTOT,ENTRIES,NATGASCM,USA,3Q2022,14777.714
OECDTOT,ENTRIES,NATGASCM,USA,SEP2021,5586.577
OECDTOT,ENTRIES,NATGASCM,USA,SEP2022,1377.506
OECDTOT,ENTRIES,NATGASCM,USA,YTD2021,57732.231
OECDTOT,ENTRIES,NATGASCM,USA,YTD2022,66859.165
OECDAM,EXITS,NATGASCM,BELGIUM,2020,904.0
OECDAM,EXITS,NATGASCM,BELGIUM,2021,158.0
OECDAM,EXITS,NATGASCM,BELGIUM,3Q2022,102.0
OECDAM,EXITS,NATGASCM,BELGIUM,YTD2021,158.0
OECDAM,EXITS,NATGASCM,BELGIUM,YTD2022,1716.0
OECDAM,EXITS,NATGASCM,CANADA,2020,25597.0
OECDAM,EXITS,NATGASCM,CANADA,2021,26545.0
OECDAM,EXITS,NATGASCM,CANADA,3Q2022,4037.0
OECDAM,EXITS,NATGASCM,CANADA,SEP2021,2040.0
OECDAM,EXITS,NATGASCM,CANADA,YTD2021,19290.0
OECDAM,EXITS,NATGASCM,CANADA,YTD2022,17802.0
OECDAM,EXITS,NATGASCM,FRANCE,2020,2555.0
OECDAM,EXITS,NATGASCM,FRANCE,2021,4837.0
OECDAM,EXITS,NATGASCM,FRANCE,3Q2022,2473.0
OECDAM,EXITS,NATGASCM,FRANCE,SEP2021,186.0
OECDAM,EXITS,NATGASCM,FRANCE,YTD2021,3329.0
OECDAM,EXITS,NATGASCM,FRANCE,YTD2022,10832.0
OECDAM,EXITS,NATGASCM,ITALY,2020,1940.0
OECDAM,EXITS,NATGASCM,ITALY,2021,968.0
OECDAM,EXITS,NATGASCM,ITALY,3Q2022,654.0
OECDAM,EXITS,NATGASCM,ITALY,YTD2021,968.0
OECDAM,EXITS,NATGASCM,ITALY,YTD2022,2695.0
OECDAM,EXITS,NATGASCM,JAPAN,2020,8158.0
OECDAM,EXITS,NATGASCM,JAPAN,2021,10052.0
OECDAM,EXITS,NATGASCM,JAPAN,3Q2022,1086.0
OECDAM,EXITS,NATGASCM,JAPAN,SEP2021,291.0
OECDAM,EXITS,NATGASCM,JAPAN,YTD2021,7336.0
OECDAM,EXITS,NATGASCM,JAPAN,YTD2022,4152.0
OECDAM,EXITS,NATGASCM,MEXICO,2020,57371.0
OECDAM,EXITS,NATGASCM,MEXICO,2021,61473.0
OECDAM,EXITS,NATGASCM,MEXICO,3Q2022,10427.0
OECDAM,EXITS,NATGASCM,MEXICO,SEP2021,5066.0
OECDAM,EXITS,NATGASCM,MEXICO,YTD2021,46791.0
OECDAM,EXITS,NATGASCM,MEXICO,YTD2022,40017.0
OECDAM,EXITS,NATGASCM,NETHLAND,2020,2423.0
OECDAM,EXITS,NATGASCM,NETHLAND,2021,4936.0
OECDAM,EXITS,NATGASCM,NETHLAND,3Q2022,2415.0
OECDAM,EXITS,NATGASCM,NETHLAND,SEP2021,295.0
OECDAM,EXITS,NATGASCM,NETHLAND,YTD2021,3539.0
OECDAM,EXITS,NATGASCM,NETHLAND,YTD2022,7074.0
OECDAM,EXITS,NATGASCM,OTHEXT,2020,21014.72
OECDAM,EXITS,NATGASCM,OTHEXT,2021,40448.219
OECDAM,EXITS,NATGASCM,OTHEXT,3Q2022,3589.0
OECDAM,EXITS,NATGASCM,OTHEXT,SEP2021,4216.0
OECDAM,EXITS,NATGASCM,OTHEXT,YTD2021,32326.219
OECDAM,EXITS,NATGASCM,OTHEXT,YTD2022,15300.0
OECDAM,EXITS,NATGASCM,OTHOECD,2020,25146.0
OECDAM,EXITS,NATGASCM,OTHOECD,2021,33439.0
OECDAM,EXITS,NATGASCM,OTHOECD,3Q2022,5974.0
OECDAM,EXITS,NATGASCM,OTHOECD,SEP2021,2986.0
OECDAM,EXITS,NATGASCM,OTHOECD,YTD2021,22999.0
OECDAM,EXITS,NATGASCM,OTHOECD,YTD2022,25979.0
OECDAM,EXITS,NATGASCM,TOTEXTST,2020,220582.912
OECDAM,EXITS,NATGASCM,TOTEXTST,2021,267948.218
OECDAM,EXITS,NATGASCM,TOTEXTST,3Q2022,45148.629
OECDAM,EXITS,NATGASCM,TOTEXTST,SEP2021,21423.419
OECDAM,EXITS,NATGASCM,TOTEXTST,YTD2021,198420.455
OECDAM,EXITS,NATGASCM,TOTEXTST,YTD2022,189156.82
OECDAM,EXITS,NATGASCM,UK,2020,4537.0
OECDAM,EXITS,NATGASCM,UK,2021,5523.0
OECDAM,EXITS,NATGASCM,UK,3Q2022,710.0
OECDAM,EXITS,NATGASCM,UK,SEP2021,88.0
OECDAM,EXITS,NATGASCM,UK,YTD2021,2854.0
OECDAM,EXITS,NATGASCM,UK,YTD2022,6255.0
OECDAM,EXITS,NATGASCM,USA,2020,70937.192
OECDAM,EXITS,NATGASCM,USA,2021,79568.999
OECDAM,EXITS,NATGASCM,USA,3Q2022,13681.629
OECDAM,EXITS,NATGASCM,USA,SEP2021,6255.419
OECDAM,EXITS,NATGASCM,USA,YTD2021,58830.236
OECDAM,EXITS,NATGASCM,USA,YTD2022,57334.82
OECDAO,EXITS,NATGASCM,JAPAN,2020,41930.601
OECDAO,EXITS,NATGASCM,JAPAN,2021,37655.158
OECDAO,EXITS,NATGASCM,JAPAN,3Q2022,6661.0
OECDAO,EXITS,NATGASCM,JAPAN,SEP2021,3134.531
OECDAO,EXITS,NATGASCM,JAPAN,YTD2021,29007.184
OECDAO,EXITS,NATGASCM,JAPAN,YTD2022,27690.115
OECDAO,EXITS,NATGASCM,OTHEXT,2020,53969.399
OECDAO,EXITS,NATGASCM,OTHEXT,2021,62696.842
OECDAO,EXITS,NATGASCM,OTHEXT,3Q2022,12663.0
OECDAO,EXITS,NATGASCM,OTHEXT,SEP2021,5421.469
OECDAO,EXITS,NATGASCM,OTHEXT,YTD2021,45055.816
OECDAO,EXITS,NATGASCM,OTHEXT,YTD2022,41460.885
OECDAO,EXITS,NATGASCM,OTHOECD,2020,10122.0
OECDAO,EXITS,NATGASCM,OTHOECD,2021,12487.0
OECDAO,EXITS,NATGASCM,OTHOECD,3Q2022,2469.0
OECDAO,EXITS,NATGASCM,OTHOECD,SEP2021,1156.0
OECDAO,EXITS,NATGASCM,OTHOECD,YTD2021,9211.0
OECDAO,EXITS,NATGASCM,OTHOECD,YTD2022,9680.0
OECDAO,EXITS,NATGASCM,TOTEXTST,2020,106022.0
OECDAO,EXITS,NATGASCM,TOTEXTST,2021,112839.0
OECDAO,EXITS,NATGASCM,TOTEXTST,3Q2022,21793.0
OECDAO,EXITS,NATGASCM,TOTEXTST,SEP2021,9712.0
OECDAO,EXITS,NATGASCM,TOTEXTST,YTD2021,83274.0
OECDAO,EXITS,NATGASCM,TOTEXTST,YTD2022,78831.0
OECDEUR,EXITS,NATGASCM,AUSTRIA,2020,43536.759
OECDEUR,EXITS,NATGASCM,AUSTRIA,2021,40426.487
OECDEUR,EXITS,NATGASCM,AUSTRIA,3Q2022,4757.568
OECDEUR,EXITS,NATGASCM,AUSTRIA,SEP2021,3398.658
OECDEUR,EXITS,NATGASCM,AUSTRIA,YTD2021,30295.317
OECDEUR,EXITS,NATGASCM,AUSTRIA,YTD2022,22765.375
OECDEUR,EXITS,NATGASCM,BELGIUM,2020,33907.342
OECDEUR,EXITS,NATGASCM,BELGIUM,2021,33141.158
OECDEUR,EXITS,NATGASCM,BELGIUM,3Q2022,8582.83
OECDEUR,EXITS,NATGASCM,BELGIUM,SEP2021,2273.464
OECDEUR,EXITS,NATGASCM,BELGIUM,SEP2022,564.116
OECDEUR,EXITS,NATGASCM,BELGIUM,YTD2021,23856.128
OECDEUR,EXITS,NATGASCM,BELGIUM,YTD2022,29843.521
OECDEUR,EXITS,NATGASCM,CZECH,2020,42560.231
OECDEUR,EXITS,NATGASCM,CZECH,2021,46507.974
OECDEUR,EXITS,NATGASCM,CZECH,3Q2022,3287.303
OECDEUR,EXITS,NATGASCM,CZECH,SEP2021,4487.904
OECDEUR,EXITS,NATGASCM,CZECH,YTD2021,36792.398
OECDEUR,EXITS,NATGASCM,CZECH,YTD2022,23847.075
OECDEUR,EXITS,NATGASCM,FRANCE,2020,32982.536
OECDEUR,EXITS,NATGASCM,FRANCE,2021,32283.843
OECDEUR,EXITS,NATGASCM,FRANCE,3Q2022,5304.955
OECDEUR,EXITS,NATGASCM,FRANCE,SEP2021,2364.7
OECDEUR,EXITS,NATGASCM,FRANCE,SEP2022,460.2
OECDEUR,EXITS,NATGASCM,FRANCE,YTD2021,24381.978
OECDEUR,EXITS,NATGASCM,FRANCE,YTD2022,18958.863
OECDEUR,EXITS,NATGASCM,GERMANY,2020,142190.141
OECDEUR,EXITS,NATGASCM,GERMANY,2021,148814.033
OECDEUR,EXITS,NATGASCM,GERMANY,3Q2022,25949.495
OECDEUR,EXITS,NATGASCM,GERMANY,SEP2021,11568.282
OECDEUR,EXITS,NATGASCM,GERMANY,SEP2022,2455.467
OECDEUR,EXITS,NATGASCM,GERMANY,YTD2021,111707.041
OECDEUR,EXITS,NATGASCM,GERMANY,YTD2022,99616.112
OECDEUR,EXITS,NATGASCM,ITALY,2020,36308.458
OECDEUR,EXITS,NATGASCM,ITALY,2021,29762.395
OECDEUR,EXITS,NATGASCM,ITALY,3Q2022,5124.738
OECDEUR,EXITS,NATGASCM,ITALY,SEP2021,2348.148
OECDEUR,EXITS,NATGASCM,ITALY,SEP2022,851.237
OECDEUR,EXITS,NATGASCM,ITALY,YTD2021,22325.225
OECDEUR,EXITS,NATGASCM,ITALY,YTD2022,16527.546
OECDEUR,EXITS,NATGASCM,JAPAN,YTD2022,96.3
OECDEUR,EXITS,NATGASCM,NETHLAND,2020,23893.085
OECDEUR,EXITS,NATGASCM,NETHLAND,2021,16900.932
OECDEUR,EXITS,NATGASCM,NETHLAND,3Q2022,5910.696
OECDEUR,EXITS,NATGASCM,NETHLAND,SEP2021,1624.941
OECDEUR,EXITS,NATGASCM,NETHLAND,SEP2022,1314.7
OECDEUR,EXITS,NATGASCM,NETHLAND,YTD2021,12719.773
OECDEUR,EXITS,NATGASCM,NETHLAND,YTD2022,15624.711
OECDEUR,EXITS,NATGASCM,OTHEXT,2020,22372.059
OECDEUR,EXITS,NATGASCM,OTHEXT,2021,16237.013
OECDEUR,EXITS,NATGASCM,OTHEXT,3Q2022,2661.081
OECDEUR,EXITS,NATGASCM,OTHEXT,SEP2021,1187.787
OECDEUR,EXITS,NATGASCM,OTHEXT,SEP2022,106.315
OECDEUR,EXITS,NATGASCM,OTHEXT,YTD2021,11340.482
OECDEUR,EXITS,NATGASCM,OTHEXT,YTD2022,13355.162
OECDEUR,EXITS,NATGASCM,OTHOECD,2020,53685.552
OECDEUR,EXITS,NATGASCM,OTHOECD,2021,35847.713
OECDEUR,EXITS,NATGASCM,OTHOECD,3Q2022,9032.701
OECDEUR,EXITS,NATGASCM,OTHOECD,SEP2021,3112.204
OECDEUR,EXITS,NATGASCM,OTHOECD,SEP2022,1479.506
OECDEUR,EXITS,NATGASCM,OTHOECD,YTD2021,26368.032
OECDEUR,EXITS,NATGASCM,OTHOECD,YTD2022,33482.14
OECDEUR,EXITS,NATGASCM,TOTEXTST,2020,441722.381
OECDEUR,EXITS,NATGASCM,TOTEXTST,2021,413723.022
OECDEUR,EXITS,NATGASCM,TOTEXTST,3Q2022,71937.012
OECDEUR,EXITS,NATGASCM,TOTEXTST,SEP2021,32971.325
OECDEUR,EXITS,NATGASCM,TOTEXTST,SEP2022,7231.541
OECDEUR,EXITS,NATGASCM,TOTEXTST,YTD2021,310610.666
OECDEUR,EXITS,NATGASCM,TOTEXTST,YTD2022,279178.005
OECDEUR,EXITS,NATGASCM,UK,2020,10200.218
OECDEUR,EXITS,NATGASCM,UK,2021,13714.578
OECDEUR,EXITS,NATGASCM,UK,3Q2022,1324.087
OECDEUR,EXITS,NATGASCM,UK,SEP2021,605.237
OECDEUR,EXITS,NATGASCM,UK,YTD2021,10737.396
OECDEUR,EXITS,NATGASCM,UK,YTD2022,5055.005
OECDEUR,EXITS,NATGASCM,USA,2020,86.0
OECDEUR,EXITS,NATGASCM,USA,2021,86.896
OECDEUR,EXITS,NATGASCM,USA,3Q2022,1.558
OECDEUR,EXITS,NATGASCM,USA,YTD2021,86.896
OECDEUR,EXITS,NATGASCM,USA,YTD2022,6.195
OECDTOT,EXITS,NATGASCM,AUSTRIA,2020,43536.759
OECDTOT,EXITS,NATGASCM,AUSTRIA,2021,40426.487
OECDTOT,EXITS,NATGASCM,AUSTRIA,3Q2022,4757.568
OECDTOT,EXITS,NATGASCM,AUSTRIA,SEP2021,3398.658
OECDTOT,EXITS,NATGASCM,AUSTRIA,YTD2021,30295.317
OECDTOT,EXITS,NATGASCM,AUSTRIA,YTD2022,22765.375
OECDTOT,EXITS,NATGASCM,BELGIUM,2020,34811.342
OECDTOT,EXITS,NATGASCM,BELGIUM,2021,33299.158
OECDTOT,EXITS,NATGASCM,BELGIUM,3Q2022,8684.83
OECDTOT,EXITS,NATGASCM,BELGIUM,SEP2021,2273.464
OECDTOT,EXITS,NATGASCM,BELGIUM,SEP2022,564.116
OECDTOT,EXITS,NATGASCM,BELGIUM,YTD2021,24014.128
OECDTOT,EXITS,NATGASCM,BELGIUM,YTD2022,31559.521
OECDTOT,EXITS,NATGASCM,CANADA,2020,25597.0
OECDTOT,EXITS,NATGASCM,CANADA,2021,26545.0
OECDTOT,EXITS,NATGASCM,CANADA,3Q2022,4037.0
OECDTOT,EXITS,NATGASCM,CANADA,SEP2021,2040.0
OECDTOT,EXITS,NATGASCM,CANADA,YTD2021,19290.0
OECDTOT,EXITS,NATGASCM,CANADA,YTD2022,17802.0
OECDTOT,EXITS,NATGASCM,CZECH,2020,42560.231
OECDTOT,EXITS,NATGASCM,CZECH,2021,46507.974
OECDTOT,EXITS,NATGASCM,CZECH,3Q2022,3287.303
OECDTOT,EXITS,NATGASCM,CZECH,SEP2021,4487.904
OECDTOT,EXITS,NATGASCM,CZECH,YTD2021,36792.398
OECDTOT,EXITS,NATGASCM,CZECH,YTD2022,23847.075
OECDTOT,EXITS,NATGASCM,FRANCE,2020,35537.536
OECDTOT,EXITS,NATGASCM,FRANCE,2021,37120.843
OECDTOT,EXITS,NATGASCM,FRANCE,3Q2022,7777.955
OECDTOT,EXITS,NATGASCM,FRANCE,SEP2021,2550.7
OECDTOT,EXITS,NATGASCM,FRANCE,SEP2022,460.2
OECDTOT,EXITS,NATGASCM,FRANCE,YTD2021,27710.978
OECDTOT,EXITS,NATGASCM,FRANCE,YTD2022,29790.863
OECDTOT,EXITS,NATGASCM,GERMANY,2020,142190.141
OECDTOT,EXITS,NATGASCM,GERMANY,2021,148814.033
OECDTOT,EXITS,NATGASCM,GERMANY,3Q2022,25949.495
OECDTOT,EXITS,NATGASCM,GERMANY,SEP2021,11568.282
OECDTOT,EXITS,NATGASCM,GERMANY,SEP2022,2455.467
OECDTOT,EXITS,NATGASCM,GERMANY,YTD2021,111707.041
OECDTOT,EXITS,NATGASCM,GERMANY,YTD2022,99616.112
OECDTOT,EXITS,NATGASCM,ITALY,2020,38248.458
OECDTOT,EXITS,NATGASCM,ITALY,2021,30730.395
OECDTOT,EXITS,NATGASCM,ITALY,3Q2022,5778.738
OECDTOT,EXITS,NATGASCM,ITALY,SEP2021,2348.148
OECDTOT,EXITS,NATGASCM,ITALY,SEP2022,851.237
OECDTOT,EXITS,NATGASCM,ITALY,YTD2021,23293.225
OECDTOT,EXITS,NATGASCM,ITALY,YTD2022,19222.546
OECDTOT,EXITS,NATGASCM,JAPAN,2020,50088.601
OECDTOT,EXITS,NATGASCM,JAPAN,2021,47707.158
OECDTOT,EXITS,NATGASCM,JAPAN,3Q2022,7747.0
OECDTOT,EXITS,NATGASCM,JAPAN,SEP2021,3425.531
OECDTOT,EXITS,NATGASCM,JAPAN,YTD2021,36343.184
OECDTOT,EXITS,NATGASCM,JAPAN,YTD2022,31938.415
OECDTOT,EXITS,NATGASCM,MEXICO,2020,57371.0
OECDTOT,EXITS,NATGASCM,MEXICO,2021,61473.0
OECDTOT,EXITS,NATGASCM,MEXICO,3Q2022,10427.0
OECDTOT,EXITS,NATGASCM,MEXICO,SEP2021,5066.0
OECDTOT,EXITS,NATGASCM,MEXICO,YTD2021,46791.0
OECDTOT,EXITS,NATGASCM,MEXICO,YTD2022,40017.0
OECDTOT,EXITS,NATGASCM,NETHLAND,2020,26316.085
OECDTOT,EXITS,NATGASCM,NETHLAND,2021,21836.932
OECDTOT,EXITS,NATGASCM,NETHLAND,3Q2022,8325.696
OECDTOT,EXITS,NATGASCM,NETHLAND,SEP2021,1919.941
OECDTOT,EXITS,NATGASCM,NETHLAND,SEP2022,1314.7
OECDTOT,EXITS,NATGASCM,NETHLAND,YTD2021,16258.773
OECDTOT,EXITS,NATGASCM,NETHLAND,YTD2022,22698.711
OECDTOT,EXITS,NATGASCM,OTHEXT,2020,97356.178
OECDTOT,EXITS,NATGASCM,OTHEXT,2021,119382.074
OECDTOT,EXITS,NATGASCM,OTHEXT,3Q2022,18913.081
OECDTOT,EXITS,NATGASCM,OTHEXT,SEP2021,10825.256
OECDTOT,EXITS,NATGASCM,OTHEXT,SEP2022,106.315
OECDTOT,EXITS,NATGASCM,OTHEXT,YTD2021,88722.517
OECDTOT,EXITS,NATGASCM,OTHEXT,YTD2022,70116.047
OECDTOT,EXITS,NATGASCM,OTHOECD,2020,88953.552
OECDTOT,EXITS,NATGASCM,OTHOECD,2021,81773.713
OECDTOT,EXITS,NATGASCM,OTHOECD,3Q2022,17475.701
OECDTOT,EXITS,NATGASCM,OTHOECD,SEP2021,7254.204
OECDTOT,EXITS,NATGASCM,OTHOECD,SEP2022,1479.506
OECDTOT,EXITS,NATGASCM,OTHOECD,YTD2021,58578.032
OECDTOT,EXITS,NATGASCM,OTHOECD,YTD2022,69141.14
OECDTOT,EXITS,NATGASCM,TOTEXTST,2020,768327.293
OECDTOT,EXITS,NATGASCM,TOTEXTST,2021,794510.24
OECDTOT,EXITS,NATGASCM,TOTEXTST,3Q2022,138878.641
OECDTOT,EXITS,NATGASCM,TOTEXTST,SEP2021,64106.744
OECDTOT,EXITS,NATGASCM,TOTEXTST,SEP2022,7231.541
OECDTOT,EXITS,NATGASCM,TOTEXTST,YTD2021,592305.121
OECDTOT,EXITS,NATGASCM,TOTEXTST,YTD2022,547165.825
OECDTOT,EXITS,NATGASCM,UK,2020,14737.218
OECDTOT,EXITS,NATGASCM,UK,2021,19237.578
OECDTOT,EXITS,NATGASCM,UK,3Q2022,2034.087
OECDTOT,EXITS,NATGASCM,UK,SEP2021,693.237
OECDTOT,EXITS,NATGASCM,UK,YTD2021,13591.396
OECDTOT,EXITS,NATGASCM,UK,YTD2022,11310.005
OECDTOT,EXITS,NATGASCM,USA,2020,71023.192
OECDTOT,EXITS,NATGASCM,USA,2021,79655.895
OECDTOT,EXITS,NATGASCM,USA,3Q2022,13683.187
OECDTOT,EXITS,NATGASCM,USA,SEP2021,6255.419
OECDTOT,EXITS,NATGASCM,USA,YTD2021,58917.132
OECDTOT,EXITS,NATGASCM,USA,YTD2022,57341.015
